"","baseMean","log2FoldChange","lfcSE","stat","pvalue","padj"
"RPL17-C18orf32",13.4072932741876,-4.76080311896311,2.31621593172006,-2.05542283591308,0.0398381817028319,0.289617257458683
"AC106820.4",3.01172062609465,-4.42650253165584,1.36886954370981,-3.23369202857671,0.00122201152868517,NA
"DMC1",2.38915497626135,-4.32735249309902,1.36993278496429,-3.15880643239868,0.00158416670161174,NA
"ST7-OT4",1.12711170328585,-4.30462804215739,1.87221546877749,-2.29921615003437,0.0214926683888421,NA
"HLA-DPB1",2.44759180774629,-4.28484124368885,1.43302943840556,-2.99005807477083,0.0027892441097029,NA
"AC018635.1",3.76516818894602,-4.24860002780877,1.57495073543135,-2.69760820591328,0.00698395832592195,NA
"AC010733.2",3.8161384823807,-4.12100748768035,1.95577917885112,-2.10709242241814,0.0351095690464765,NA
"ITGA9",1.3941798357621,-3.94570357162426,1.69522696149446,-2.32753705624518,0.019936699108293,NA
"GLYATL1",2.57277522199795,-3.91855294594528,1.39572759780708,-2.80753418654326,0.00499223806854637,NA
"MYO15A",3.50288037798307,-3.79498714114733,1.37588263656755,-2.75822009834704,0.00581170525198017,NA
"TMEM132B",8.37172438891738,-3.67002948708891,1.26689713918707,-2.89686461005339,0.00376912377572485,0.0620198461570147
"P2RX5-TAX1BP3",3.30536794043111,-3.64802460039544,1.44831336733054,-2.51880890053463,0.0117752545757497,NA
"LINC01151",1.60936426649806,-3.57085378239153,1.66788603044152,-2.14094591429983,0.0322783999086847,NA
"AC090510.1",3.10337850540485,-3.55295151794145,1.61015719451229,-2.20658674199672,0.0273429440492929,NA
"TCAF2P1",1.63240915600935,-3.52576777701441,1.78269146958524,-1.97777789211877,0.0479537685779031,NA
"PPFIA3",5.02693657431119,-3.51540738207078,1.3856451217629,-2.53701855320522,0.0111801028862717,NA
"HPDL",1.4090710985709,-3.51233780415958,1.7871931999448,-1.96528153994098,0.0493816609574372,NA
"AC008982.1",4.56032757857771,-3.50469917038807,1.23170601844525,-2.8454023264512,0.00443553602457891,NA
"AC008982.3",4.56032757857771,-3.50469917038807,1.23170601844525,-2.8454023264512,0.00443553602457891,NA
"STK32A",1.87296294320571,-3.5046897371926,1.68247836498239,-2.08305188948405,0.0372464940274813,NA
"RAB9B",2.34263260911735,-3.49193837893207,1.50129797504972,-2.32594623916442,0.0200214188638233,NA
"FAM186A",2.77323222049396,-3.48140830333523,1.4762071193048,-2.35834677790658,0.0183565360250381,NA
"GDF5",1.57029768772025,-3.47125012508022,1.67768259130561,-2.06907441435558,0.0385391042484515,NA
"AC069544.1",2.84681396504892,-3.46817674707706,1.45782781435085,-2.37900300223137,0.0173595345805595,NA
"PPARGC1B",5.45631172295541,-3.45685577877295,1.3952928091986,-2.47751278870163,0.0132301667382217,NA
"SHISA2",1.54715135760779,-3.45342029596897,1.71664529135854,-2.01172619256478,0.0442488079762815,NA
"PTGER2",8.80535133754817,-3.44261617586835,1.09865041545735,-3.13349553910218,0.00172737544179553,0.0335091312777076
"AC005343.1",1.93824072579953,-3.44128520162292,1.52538656335916,-2.25600859761386,0.0240700926946913,NA
"AC005343.2",1.93824072579953,-3.44128520162292,1.52538656335916,-2.25600859761386,0.0240700926946913,NA
"NFATC2",3.9402734580173,-3.42851098581337,1.35965731483847,-2.5215993385956,0.0116822684910546,NA
"CCNO",1.65977626142981,-3.42467542156418,1.59402588423836,-2.14844404687978,0.031678496846435,NA
"TNFRSF11A",3.1029118041881,-3.29852441907573,1.46445655040052,-2.25238803990026,0.0242977608714746,NA
"PCSK1",5.50728156075947,-3.2782000407152,1.37860686968623,-2.37790780881668,0.0174111783771255,NA
"FAM160A1",15.1765722842059,-3.27106237706261,1.31411924731744,-2.48916708566589,0.0128042774202098,0.143197185677843
"B3GNT4",4.61393789517294,-3.25515259216501,1.41859859301667,-2.2946255608804,0.0217545921162186,NA
"CYP1B1",167.966406337344,-3.21037095487916,0.375944074590658,-8.53949076967029,1.34814629161931e-17,3.70470600936987e-15
"ZNF20",3.78944670907289,-3.15734394845647,1.48149933882345,-2.13118147657352,0.0330741944245535,NA
"AC013394.1",1.98329679419895,-3.09307402360873,1.46818417964514,-2.10673433653012,0.0351406141015778,NA
"SYT5",4.43472013700391,-3.08085921234667,1.43164892965625,-2.15196557516822,0.0314000657825868,NA
"CXCL6",2.62144999588116,-3.076922546384,1.48328054561355,-2.07440362882346,0.0380418405910617,NA
"FZD9",3.41921419358559,-3.05149901612367,1.5048664389618,-2.02775404987361,0.0425853562128703,NA
"SLC45A1",29.1332669506681,-3.04157106678459,1.32656430969648,-2.29281840658032,0.02185846185839,0.201008667390319
"AC012020.1",2.89987028113062,-3.03936404802533,1.46883917272927,-2.06922861566787,0.0385246386454289,NA
"NPW",7.49954003541044,-3.02689257941693,1.36678521003338,-2.21460735541834,0.0267870267205075,0.227975479990224
"SLC7A14",4.34293257468202,-3.02340448796453,1.41495211102363,-2.13675393280786,0.0326180108179821,NA
"AC004241.1",5.62018664310244,-2.98487007351868,1.3523288110956,-2.20720733672786,0.0272995774431887,0.229897675345463
"HSD17B8",7.16716095659849,-2.94820224572876,1.30529709373508,-2.25864461039482,0.0239055004981073,0.213594956040169
"AL109615.2",7.02432889248198,-2.94267133261709,1.30973030256072,-2.24677655152646,0.0246543110535089,0.218235655324046
"AC026362.1",3.31526457768038,-2.86374309128194,1.21648574083476,-2.35411151578054,0.018567040024649,NA
"ATP6AP1L",4.96807456280091,-2.82537881462665,1.36759096730144,-2.06595311184437,0.0388329071270688,NA
"HIST1H2BJ",3.9907311054201,-2.81131745002977,1.34791535297162,-2.0856780389302,0.0370077970382963,NA
"SLFN13",3.9730231128454,-2.80155664808542,1.21065062132638,-2.31409177737509,0.0206626883646297,NA
"AC026979.2",6.19856830520966,-2.78863206374748,1.38918014755582,-2.0073941228241,0.0447077141233021,0.30824668253678
"RGMA",54.1930849559253,-2.77870739283989,1.35126210534542,-2.05637927819308,0.0397459720670928,0.289287045663137
"HPSE",11.5704818533982,-2.77137636769661,1.36744771052547,-2.02667812916346,0.0426953405877444,0.300711052146803
"AC105942.1",7.53035595321714,-2.76749281667799,1.39060934203032,-1.99012960220545,0.0465766606469025,0.314564164696666
"PRXL2A",5.47363126315199,-2.7035004817049,1.34478191691272,-2.01036350035956,0.0443927305943045,NA
"SSTR2",5.72807137907372,-2.6657864236796,1.33159601588988,-2.00194833257901,0.0452902886785184,0.310282387700033
"AC040160.1",2.31922023178865,-2.55924436391263,1.29779457785487,-1.9719949578945,0.0486101821114336,NA
"CCL2",5.25193804350713,-2.52783342743589,0.997285134618906,-2.5347148369978,0.0112538896041551,NA
"GNAL",5.53270230398792,-2.52313669279733,1.18481342228774,-2.12956457559827,0.0332075782710712,NA
"DGCR6",7.8938364104216,-2.52167971706531,0.835624371941488,-3.01771920702414,0.00254684769339387,0.0460443254042524
"RINL",4.85375535253261,-2.40913712937173,1.19138021077707,-2.02213962224569,0.0431619296988347,NA
"CDCA7",9.39423438067642,-2.4013516267558,0.522859860487977,-4.59272514152196,4.37495114253215e-06,0.000255780300277681
"MYRF",12.3767814333606,-2.36426450428699,0.942159423917883,-2.50941023808414,0.0120932946623134,0.13795727102783
"VASH1-AS1",6.91398508153384,-2.36324714501683,0.959234211426498,-2.46368104563576,0.013751842485175,0.150624698114857
"AC111170.3",2.52763241096501,-2.31992077354058,1.11939854607045,-2.07247077610066,0.0382215588739786,NA
"U2AF1",56.030812658845,-2.21750424192325,0.680759288536709,-3.25739843622225,0.00112438486982377,0.0240973020801399
"AC109460.3",4.24670668264527,-2.20985911646245,0.970066219249564,-2.27804975847111,0.0227236131509503,NA
"ITPRIPL1",4.67859328695815,-2.1526434789188,0.866976746374738,-2.48293104505983,0.0130306308905309,NA
"QPRT",7.13659515490789,-2.14355463885422,0.903225380769465,-2.37322232578109,0.0176336462038631,0.17542853496136
"NR4A3",18.1535592051138,-2.13979266502082,0.925864627487323,-2.31112908031485,0.0208257261590068,0.194509765621056
"LINC01119",5.27965597668965,-2.07254352573418,0.663669486344741,-3.12285492760715,0.00179106006761395,NA
"ZNF608",3.67310970254827,-2.06306294884547,1.04081421313189,-1.98216254430035,0.0474610513004829,NA
"CEND1",54.7251947428045,-2.04639993300167,0.919703253177677,-2.22506545011245,0.0260768447113614,0.225028793929305
"SYTL4",7.14888808288464,-1.99139620594196,0.62343277959338,-3.19424366367262,0.00140197730128446,0.028374552058402
"OLFML1",4.99138062814862,-1.98344588889903,0.897564596524253,-2.20980851582133,0.0271184544666407,NA
"DIRAS3",11.0315635068456,-1.98251672420743,0.464733604807953,-4.26592074189833,1.99079451058588e-05,0.00093250624689034
"AC110597.3",30.4336714138251,-1.98202385370129,0.443480528232722,-4.46924662419721,7.8495582441052e-06,0.000411942264837453
"AC110597.5",30.4336714138251,-1.98202385370129,0.443480528232722,-4.46924662419721,7.8495582441052e-06,0.000411942264837453
"AC079416.2",2.50862556856227,-1.97904775243018,0.975994985558285,-2.02772327902703,0.0425884983849447,NA
"TSHZ2",11.6427865917997,-1.95647113769498,0.602282750078315,-3.24842632042937,0.00116045258379541,0.0246566265484776
"GPRC5B",8.64067499831821,-1.93219079531234,0.747408368090248,-2.58518753308772,0.00973260449666001,0.119981136824402
"FAM86C2P",4.85939633899519,-1.89486549768098,0.866801137006792,-2.18604408414168,0.0288123802325522,NA
"UNG",17.0038911459293,-1.88378379748625,0.3630052143364,-5.1894125017734,2.10958602165359e-07,1.79911315474264e-05
"LYPD1",3.49796053932261,-1.81275485052888,0.922506854444847,-1.96503130767497,0.0494106140875758,NA
"AC007216.3",4.08337398581456,-1.81159727116816,0.880984284284101,-2.05633324394689,0.0397504060298567,NA
"AC135050.7",7.15077171920799,-1.80495092619425,0.792127365722024,-2.27861200647833,0.022690139588587,0.206010474414439
"MAP2K6",17.9639076854098,-1.79707712865348,0.679399257004773,-2.64509728282034,0.00816674340771393,0.105654036502625
"MPRIP-AS1",4.49253130320271,-1.79178232721715,0.854029704997409,-2.09803279292561,0.0359022486345269,NA
"PLA2G4B",7.02061378434806,-1.76538471604298,0.810001251426308,-2.17948393651783,0.0292957367054127,0.239755843877653
"CCNE1",8.55266294237321,-1.74848128669718,0.579872882723244,-3.01528376096125,0.00256738935822511,0.0463479369398711
"DUSP2",14.995437957713,-1.69044850038981,0.401247422800118,-4.21298282389695,2.52020234687993e-05,0.00113740227085829
"FGF7",9.07633293825451,-1.68486252437635,0.41432854566167,-4.06648912322872,4.77267116933059e-05,0.00193504431737515
"SRRM3",10.3644020092533,-1.67516898320011,0.769175913400573,-2.17787498804283,0.0294153451056657,0.240257699852485
"CCDC120",6.29540137480021,-1.67113619940382,0.671473538271274,-2.48875957749014,0.0128189620366628,0.143197185677843
"CCNE2",3.58263665975154,-1.65475366189124,0.798437278170276,-2.07249048501759,0.0382197226857009,NA
"LRRC75A",6.07334754589989,-1.65085357266096,0.70829806417599,-2.330732859734,0.0197674503589297,0.188034070106557
"INSIG1",1472.92850728921,-1.64294137140796,0.16378038356806,-10.031368443616,1.10967851683585e-23,4.42654339973938e-21
"SPDYE2",25.5432446753074,-1.63860414852008,0.62267907136934,-2.63153881969504,0.0084999155999187,0.108701722013398
"MAP3K8",7.20545427156875,-1.63792575532883,0.735428780220008,-2.22717114067638,0.0259358380974021,0.224438470197673
"PREX1",26.8959748675094,-1.62453250948326,0.692162268102848,-2.3470399707513,0.0189232246410502,0.183102187723965
"SNORD3B-2",8.53273753969585,-1.61948669109662,0.789432492893089,-2.05145684485519,0.0402224781377855,0.291554023828754
"PASK",14.3262888475916,-1.61339110305569,0.465825437211385,-3.46351009235151,0.000533176593473868,0.0133737560951275
"RGPD8",10.8309377382629,-1.61167157932765,0.540102355144085,-2.98401138965169,0.00284496181456301,0.0502582825698374
"APCDD1",6.41867549157246,-1.60026558098959,0.700297046647137,-2.28512398938608,0.0223055585295198,0.203865880839646
"E2F2",5.14985890458321,-1.59986847158681,0.606150556843154,-2.63939124286046,0.00830550675220551,NA
"PAQR4",26.9733304971682,-1.57901304783167,0.288071891254217,-5.4813159345638,4.2217380301296e-08,4.07859472504552e-06
"C3orf35",6.45257192682236,-1.55126290773026,0.750862519492594,-2.06597461913341,0.0388308761901898,0.285144070646013
"EEPD1",9.97540506321097,-1.52101753170221,0.679206601604207,-2.23940333929285,0.0251296842966403,0.220236481936396
"FAM234B",21.0619008696503,-1.486202275219,0.448345377826016,-3.31486025890453,0.000916889477759871,0.0207729852644995
"HIST1H2BG",29.150265326619,-1.4796321607645,0.746811092854373,-1.98126698293838,0.0475613409791178,0.3179154284042
"SWSAP1",6.09873431395648,-1.47441466764454,0.724103838912562,-2.03619230890803,0.0417310482678203,0.298032692295179
"SETD6",12.1652211142519,-1.46474458402888,0.54867814540572,-2.66958798394599,0.00759443732054903,0.100873052530515
"MCM3",69.0440119424096,-1.45595762074537,0.170067320946205,-8.56106636269003,1.11828309215892e-17,3.14288379946301e-15
"ACTR3B",18.2274780847002,-1.43539648419978,0.465641765165031,-3.08261971236847,0.00205187182194278,0.0387400097380605
"BEX1",70.6063859200847,-1.42987765555967,0.48433662715035,-2.95223936288387,0.00315478274588288,0.0545622985113114
"ZNF215",7.93783485712956,-1.41269553845746,0.535207449332841,-2.6395289157848,0.00830213404868148,0.106787892686935
"BCYRN1",171.359220376077,-1.40923155462347,0.301744346059856,-4.67028321499661,3.00784755995175e-06,0.000184133875873086
"SNAI3-AS1",9.94169828262916,-1.4039582917588,0.712532754107705,-1.97037719833239,0.0487951568318631,0.323382377660169
"SERPINB2",89.088884550324,-1.40360035840629,0.63318581057762,-2.2167274360205,0.0266417227695294,0.227051374064783
"FAM111B",8.91317991140689,-1.39057690939812,0.449328822751342,-3.09478679975014,0.00196954415266359,0.037469819987443
"SLC17A5",42.6920093815156,-1.38144597108069,0.310369569255161,-4.45097106135743,8.54828619185851e-06,0.000444151710287909
"AL645608.2",5.21148492015792,-1.37374404501527,0.569382589437999,-2.41269064157933,0.0158352536932697,NA
"PCDH9",45.9187160067499,-1.37325227208136,0.33021972993115,-4.15860152380259,3.2020191406933e-05,0.00139423129203568
"ISOC1",5.80288854689981,-1.36167749625179,0.637225520748647,-2.13688474788646,0.0326073668332846,0.25567442312427
"SLC27A3",5.7531073351762,-1.35379182063394,0.632782278506111,-2.13942751973082,0.0324010601479121,0.254880095285675
"AKR1C3",18.9980676839262,-1.34602654566113,0.55684878512394,-2.41722094331505,0.0156395208148857,0.16259634616185
"MYORG",21.5965684990035,-1.34364514641114,0.64983427949282,-2.06767354202956,0.0386707314728937,0.284136818415808
"GPR137C",14.3017816967629,-1.34079006193117,0.573141982436079,-2.33936808508126,0.0193163917818417,0.185003360865669
"MMAA",10.4887722372824,-1.34034315573303,0.627518624825127,-2.13594163218111,0.0326841716299274,0.25567442312427
"NYNRIN",19.8999898612089,-1.32878912124465,0.318706537201007,-4.16931868707353,3.0551154916522e-05,0.00135410602759036
"SNHG30",20.9688040978967,-1.31814783810976,0.433900719584044,-3.03790194073287,0.00238231462363121,0.0437737037679398
"HIST1H3J",15.5074358778224,-1.30908594167702,0.315094870172461,-4.15457713088288,3.25889674979519e-05,0.00140907402825061
"AP002807.1",9.97038619552099,-1.30394606370967,0.506619625136679,-2.57381672365709,0.0100583538611098,0.123028292627581
"CLDN4",18.1658971280893,-1.30147932988758,0.601125127239819,-2.1650722468774,0.0303821529532047,0.244123264080136
"KHDC1",9.4827916649955,-1.28450064211372,0.469379011472988,-2.73659582281438,0.00620785124165067,0.0879053533855634
"MFSD6",8.06913077924863,-1.27635546227146,0.590688910944753,-2.16079130422483,0.0307114640982609,0.245397667330378
"GINS2",35.816417161876,-1.26040004143507,0.227038387721675,-5.55148428458798,2.83254183719166e-08,2.77993748878667e-06
"NFE2L3",16.4208319687257,-1.2603599840239,0.621903551648901,-2.02661647562908,0.0427016502967642,0.300711052146803
"MCM2",54.2995287362574,-1.24823544560059,0.189625576361955,-6.58263230914574,4.62191179967543e-11,6.80411444223648e-09
"ZNRF3",9.66910665821439,-1.23184484353474,0.566876310415648,-2.17303990465138,0.0297773140387717,0.242066148562376
"SNHG4",14.6267934891285,-1.23058425975476,0.412010738324827,-2.98677715235804,0.00281935154536205,0.0499213315807649
"POLE2",6.26780553197522,-1.22783828611106,0.565044625137918,-2.17299347960591,0.0297808080378998,0.242066148562376
"MYPN",16.6358570724777,-1.21510791132297,0.298106616238574,-4.0760850150019,4.58002797639318e-05,0.00187538496543305
"EEF1AKMT1",6.78165987087186,-1.21456649728045,0.564525064782213,-2.15148373925438,0.0314380379255363,0.249526814497549
"CORO1A",33.2401659141651,-1.20902800829975,0.547453644359087,-2.20845732009909,0.0272124098493464,0.229897675345463
"AATK",32.6836025510132,-1.20826256608536,0.362956334354723,-3.32894745654034,0.000871748488032438,0.0199261401164679
"HMGN5",10.5288039223009,-1.19592605113405,0.525896916684941,-2.27406933410587,0.022961818138454,0.207562750804183
"PTGIS",41.6092207499122,-1.1955571349416,0.234820174238091,-5.09137317021742,3.55479618589095e-07,2.7821904832106e-05
"ASTE1",9.1421553122468,-1.18495488028148,0.54169025752202,-2.18751373839009,0.0287050414063587,0.237277100288123
"AC009779.3",7.43210977743137,-1.18434918170189,0.561743666354753,-2.10834452195488,0.0350011994749722,0.266634086748316
"MRM3",19.1757334975406,-1.18358513871755,0.337656859750966,-3.5052897772919,0.000456110548450556,0.0118244508220955
"AC005833.1",6.97965695266094,-1.17659893901347,0.581766478274575,-2.02245915320366,0.0431289393381653,0.302000262658977
"WDR76",18.5822554509674,-1.16965983873532,0.3004668334312,-3.8928084853104,9.90903763652826e-05,0.00357245362721016
"SPRY2",21.0446067347015,-1.16719048384381,0.317102438242492,-3.68079946124932,0.000232503817326897,0.00704691716927552
"ADGRB2",25.8099512170565,-1.16708818255322,0.586015601569941,-1.9915650358567,0.0464188028423752,0.314110840039553
"PLXNA4",7.73499699152157,-1.16535066411948,0.495559867956437,-2.35158401531805,0.0186936675219834,0.181877177479817
"TMEM119",103.511852102452,-1.16171136691854,0.15767530742076,-7.36774442315489,1.7353906970189e-13,3.20296139691577e-11
"NHSL2",13.4884461170237,-1.15714208722328,0.341116940542575,-3.39221524847973,0.00069329952504757,0.0166472658771617
"MCM10",17.3385839899431,-1.15194335108375,0.313287054252293,-3.67695803400826,0.00023603185278316,0.00713635670297445
"FRMD6-AS1",9.41024254064151,-1.15008588053048,0.517405942846251,-2.22279217398212,0.0262298170505924,0.225334376310927
"IL1R1",52.3450748811128,-1.1392721440035,0.17577424184121,-6.48145104805906,9.08446436373942e-11,1.29124696921841e-08
"SNHG10",20.9653724960847,-1.13682270908074,0.350609033011854,-3.24242276165859,0.00118518068848487,0.024869863791038
"MAFB",8.20984013296881,-1.12671069634925,0.507570134099275,-2.21981283108528,0.0264314755660473,0.226038469467317
"TRHDE-AS1",7.41627887172066,-1.11873035903678,0.523692719585476,-2.13623431679994,0.0326603196224263,0.25567442312427
"KRTAP2-3",94.7783417605684,-1.11450441975295,0.289455228363461,-3.85035166251511,0.000117948349234469,0.00404794753777077
"ADGRA3",14.474156497922,-1.10401054869422,0.444275009979878,-2.48497107398461,0.0129561961797077,0.144079426221461
"KIAA1217",42.6293060279852,-1.0933667082619,0.246148381149415,-4.44190086953368,8.91676402791032e-06,0.000461358594013134
"LMOD1",24.0872071054974,-1.08820654930117,0.395049448690677,-2.75460844941778,0.0058762411819684,0.0846540694587149
"RGPD5",20.816578942183,-1.08202405582372,0.416509038637386,-2.59784051593111,0.00938120541196627,0.117535953520137
"HIST1H1A",7.34525794586733,-1.08097619993009,0.532330116362124,-2.03065009230991,0.0422905024185506,0.299502265228222
"AHRR",66.4894634101046,-1.08005271371137,0.18440163576823,-5.85706688127683,4.71113437129591e-09,5.39424885513381e-07
"MIPOL1",11.4401641721635,-1.07655666640992,0.506447246169659,-2.12570346576487,0.0335279581834827,0.259758525118678
"ARMCX4",13.1869514645623,-1.07482918961219,0.464133577404028,-2.31577554811674,0.0205705269748248,0.192562556071676
"Z97200.1",7.91937068431119,-1.06555571401843,0.450939486232116,-2.3629683062839,0.0181292199504142,0.178208214552323
"BRI3BP",60.3195480760586,-1.06055788488894,0.234578861302852,-4.52111447296913,6.15149098246264e-06,0.000342654673374473
"CDA",26.0602551359605,-1.03931202799004,0.322424106186748,-3.22343152403148,0.00126664578781051,0.0262807748524576
"VAMP1",69.4416167367366,-1.03885861625235,0.291313545798782,-3.5661184700622,0.000362307637078783,0.00980371168515587
"SLC4A4",40.9315126024762,-1.0346457038067,0.182292432485447,-5.67574687385501,1.38084839714077e-08,1.44708231178328e-06
"HAND2",11.8872549973261,-1.0329017018241,0.38028474255969,-2.71612711798968,0.00660505520688803,0.0923960550773499
"ACTC1",37.5947435018989,-1.03215119303713,0.19822900039342,-5.20686272436753,1.92060067109222e-07,1.66084950340744e-05
"KREMEN1",75.6396796941837,-1.03076634146052,0.384232251561185,-2.68266481346212,0.00730381530645454,0.0984939804575974
"FKBP5",22.4816320890039,-1.02917014574833,0.397631514923606,-2.58825094873594,0.00964646754813572,0.119169048651595
"TMEM200B",7.71829977091228,-1.02645532377982,0.500875258949392,-2.04932327049424,0.0404305146318971,0.292247736233015
"NR2C2AP",16.9508875921787,-1.02072217031629,0.328885793199756,-3.10357635209964,0.00191196893718405,0.0367133662689719
"TMEM198B",23.9795093568378,-1.01999399815303,0.359491340889225,-2.83732563802513,0.00454931872039861,0.0716648092948398
"AMER1",8.76948578328664,-1.01886774748349,0.42723496002919,-2.38479488526377,0.017088646261354,0.172223471611984
"ABHD17C",9.64171631952823,-1.0164927095193,0.458121814026486,-2.21882625624226,0.0264985470099329,0.226455447356482
"AC110597.2",11.6614258358711,-1.01388990269954,0.433276916753628,-2.34005058542287,0.0192811281605212,0.184829791343414
"ITGB8",15.2435105201972,-1.01369447203218,0.456075937476964,-2.22264405712783,0.0262398109241254,0.225334376310927
"MAN2A2",23.1309792417775,-1.0121083402764,0.28967818671799,-3.4939059504046,0.000476008677420338,0.0122376783887316
"CHAF1B",20.3504893134871,-1.01108068748953,0.30410485684571,-3.32477651944411,0.000884894344540869,0.0201893052852258
"DOCK2",10.6568742484841,-1.00844678247593,0.428650338116298,-2.35260932467134,0.0186422088434254,0.181519334297479
"LPCAT3",47.7468043857617,-1.00499459325578,0.438979895481745,-2.2893863787381,0.0220569128585457,0.202191092964252
"THAP7",31.1365588072131,-1.00298914918694,0.259600379094956,-3.86358892342014,0.000111733192380126,0.00388115914879956
"HMGCS1",250.179221752923,-1.00222426252781,0.309242431114326,-3.24090151185395,0.0011915234254651,0.0249312668008485
"UHRF1",48.984733418629,-1.00052269604249,0.200077885731832,-5.00066607752698,5.71325897315448e-07,4.15589179188402e-05
"AC138969.1",49.480522702989,1.0023867371452,0.247343863939863,4.05260401927296,5.06506916888885e-05,0.00203359238124934
"BEST1",19.7541437401071,1.00637437194563,0.370169528687846,2.71868507252059,0.00655419780620605,0.0918925284257869
"BORA",8.44841572627679,1.00812556522784,0.436930563341562,2.3072901046745,0.0210386527975547,0.195465049207034
"EPS8L2",23.8361150865968,1.01112993477137,0.288271688714626,3.50755892567839,0.000452238184795341,0.0117486920024773
"DLG1",67.4871069080556,1.02790626137384,0.202910177247523,5.06581914873559,4.06647850972815e-07,3.10407859575915e-05
"HIST2H2BF",23.5357979549163,1.02805263529462,0.439653452296277,2.33832494644402,0.0193703978657754,0.185254709983123
"RDH10",13.4545264791419,1.02965855184077,0.409404612292819,2.51501453800019,0.0119027475484427,0.136539310003749
"PIM3",34.07818815147,1.0346486625125,0.292454533055539,3.53781031089715,0.000403459792551213,0.0106834770764203
"TRAF4",17.9207175092845,1.03566692797279,0.313678968779629,3.30167792887762,0.000961083565972637,0.0214914274445165
"MARS",285.324546707218,1.03648776946438,0.0939205560952924,11.0357925097117,2.56777660668964e-28,1.27012502073296e-25
"KDM4A",30.2624871005632,1.04299105588247,0.281514334205657,3.704930545812,0.000211448663394018,0.00656978435057896
"CYBA",16.3458058208893,1.0439013139037,0.384109304095547,2.71771941677317,0.00657335550337379,0.0920567544221068
"RPLP0P6",8.96608979512386,1.04454147510399,0.517552089273263,2.01823448644698,0.0435668460782359,0.304377185651675
"XPOT",130.818575812733,1.04514052014049,0.134322314967397,7.78084058776215,7.20442308923247e-15,1.56298063020085e-12
"APCDD1L-DT",7.85843253550791,1.05215812846427,0.510574118668844,2.06073533693293,0.0393282964558132,0.28760125013163
"PSPH",32.3196663722675,1.05575340931085,0.245018341965604,4.30887500438256,1.64087067159782e-05,0.000802016076086113
"GADD45A",44.0232724357407,1.05575403690361,0.220876006531373,4.77984935296109,1.75426592967066e-06,0.00011663038971133
"PIM2",31.6409434274498,1.05589029966843,0.327281507353106,3.22624491743501,0.00125425977764752,0.0260675233788055
"E2F7",42.7341909668228,1.05634230066311,0.194402332941895,5.43379436181375,5.51681554327719e-08,5.12939406076434e-06
"AC022400.6",8.16894612467087,1.05756426430516,0.509319003328889,2.07642804881217,0.037854379319333,0.280697456365924
"FAS",26.856635407222,1.06200572267798,0.235402175660431,4.51145245237634,6.43852171526056e-06,0.000354129435460012
"SREBF2-AS1",12.6726383588138,1.06344765730096,0.473579824435259,2.24555101892087,0.0247327808532469,0.218773653813484
"HSPA4L",13.5999406160434,1.07137654959989,0.508976679033527,2.10496196335415,0.035294619181212,0.267598565784714
"SLFN5",127.386384681096,1.07141457812715,0.115384083616789,9.2856358047225,1.60744560583433e-20,5.52157565604092e-18
"MXI1",33.4518315943315,1.07198012611634,0.368934115990544,2.9056139826977,0.00366533323290634,0.0607580573165144
"GTPBP2",62.348134234709,1.07343335856734,0.178796626996911,6.00365553085005,1.92923783956738e-09,2.38569551240903e-07
"NPIPA9",18.9436768397563,1.08098985175693,0.337998989193352,3.19820439208045,0.0013828622914486,0.0281257814079826
"KLF4",20.2538066175047,1.08250937792884,0.37878349926417,2.85785780011995,0.00426511479459046,0.0684077944875559
"CENPA",9.6472711341409,1.0841761020414,0.40847718228954,2.65419012137844,0.00794990206964979,0.104030147082846
"RCAN1",86.0536974027207,1.08454907028434,0.148460090687814,7.3053240454026,2.76599324018319e-13,4.95714092871092e-11
"UBALD2",16.9581457049386,1.08748254047342,0.427721511030447,2.54250139969231,0.0110062160393981,0.129252485796009
"TMEM268",15.8089797565713,1.09053601293487,0.331273871018922,3.29194696092583,0.000994963742757941,0.0220496803637002
"SARS",369.233155317782,1.09206891051405,0.0958207354278753,11.3969998835592,4.32776924184351e-30,2.43259974748349e-27
"ZC2HC1A",22.6562999696896,1.09321329104464,0.342425522414894,3.19255785414286,0.00141018692174542,0.0284940710364442
"KRT7",55.23311664787,1.0952297367309,0.213044478202543,5.14085014533752,2.73498126839413e-07,2.22257791014919e-05
"SREBF1",337.432726252557,1.09888496728886,0.206942057068036,5.31010942317819,1.09559436172981e-07,9.67722848367916e-06
"NCOA7",22.9450457210499,1.10101470173303,0.3235694117917,3.40271565113769,0.000667196786770825,0.0161690347658223
"AL021707.5",14.0194463194387,1.10160946254341,0.40604304712417,2.71303614320118,0.0066669834443176,0.0926345730761295
"BCL10",46.3441602792694,1.10286869972876,0.246775619636677,4.46911530949653,7.8543782320179e-06,0.000411942264837453
"APOL6",31.9739556281798,1.11128495614165,0.215247555990872,5.16282264402934,2.43253594128395e-07,2.01884157381995e-05
"SCN9A",20.3570384763435,1.11737236296161,0.320302750085933,3.48848819643863,0.000485760268303458,0.012436669726378
"EIF4EBP1",204.587008532866,1.12240711900057,0.121377689052378,9.24722762283123,2.30390763814685e-20,7.49740048771682e-18
"USP32P1",15.8448580810703,1.13796478341231,0.459148731948868,2.47842301247832,0.0131964586827233,0.145963692370802
"HERPUD1",86.0913168453253,1.13992501843809,0.162689718740613,7.00674281855233,2.43930046810817e-12,4.13210816282543e-10
"KIF26B",24.0382551351338,1.14273186170044,0.260623650196427,4.38460539110394,1.16196217686867e-05,0.000581733776484128
"CEBPG",31.0548308094913,1.14273944071526,0.222209423258381,5.1426236743637,2.70927975778452e-07,2.21873864137506e-05
"CCDC24",11.2554903441347,1.14653821627772,0.56296696036194,2.03659947564346,0.0416901953876442,0.298000552695727
"ADGRL1",39.2707671406888,1.17356841200095,0.540898527826881,2.1696646443389,0.030032260302039,0.24250058361479
"ALPK1",15.5855292551424,1.17633470437103,0.353235383478413,3.33017234227022,0.00086792245864141,0.0198754243028883
"AC098484.3",11.3527533304067,1.17642402386148,0.547170433795781,2.15001387355763,0.031554117398985,0.250287502088421
"PHLDA3",97.0507239683225,1.18369887718957,0.164191919819019,7.20923951979068,5.62652165592442e-13,9.79965729537485e-11
"SLC35D2",12.8800740320316,1.18698228765232,0.373324406889644,3.17949286397231,0.00147533001986859,0.0295209239897977
"AC087392.1",6.67609638119189,1.18967441471321,0.496945005913962,2.39397599443667,0.0166668395842665,0.169631389546534
"SLC22A18",23.4961948797016,1.19195207533262,0.328229371671148,3.63146073510699,0.000281821540221661,0.00810466317763036
"NBR2",11.6632957184565,1.19208505483907,0.421607882255756,2.8274733585648,0.00469169191128949,0.0731619951765521
"PLK3",37.0454332366439,1.19335683962989,0.25102045179027,4.75402235602281,1.99408973205451e-06,0.000130470442468709
"GOT1",101.108899746571,1.19440419326143,0.145326239619228,8.21877863482131,2.05586116100252e-16,4.88899598403023e-14
"TMED9",252.316905956686,1.19596819722353,0.252681305601166,4.73310914069463,2.21106519271412e-06,0.000142406417568244
"GARS",416.178078298519,1.20768010455292,0.0787403424115884,15.3375013057498,4.29408197511382e-53,4.42505147535479e-50
"CARS",149.283704675094,1.20902863870156,0.114121228689534,10.5942483496275,3.16876330683219e-26,1.35120438111334e-23
"TP53INP1",24.6241449740499,1.21302001741476,0.294332528926944,4.12125707558419,3.76810662989814e-05,0.00161793078421251
"SMOX",28.4636574963655,1.21812440156438,0.346272659647607,3.51781859648994,0.000435109693316972,0.0113995052278764
"MTFR2",7.61292099082539,1.2198997661468,0.544679020518221,2.23966725391067,0.0251125329769563,0.220236481936396
"INKA2",9.03942844152324,1.22908340580159,0.552033570966074,2.22646496598143,0.0259830531172201,0.2245327986356
"ZNF277",31.8123949347565,1.23467250421826,0.360555638592428,3.42436054817586,0.000616248027928132,0.0152410462267186
"DNAJB9",15.9140477477911,1.2384934889387,0.38710337043238,3.19938699462976,0.00137720166208791,0.0280615950978401
"EPB41L4A-AS1",35.4290979975855,1.24087998519334,0.264612724884494,4.68941917186709,2.73981630197989e-06,0.000172860042807568
"KLF9",23.8886388213244,1.24095138613718,0.379427000113522,3.27059325184,0.0010732215166934,0.0234064502212179
"AC106886.5",64.5563836219452,1.24118931857868,0.335545010727586,3.69902480709612,0.000216429448709753,0.00669091640686202
"AC020909.3",14.0425014839446,1.24157659402891,0.53423186177464,2.32404070753955,0.020123312379613,0.190290201993974
"LINC02604",14.8031085733068,1.24634838768397,0.499999211586057,2.49270070592792,0.0126775658107076,0.14251888983201
"DUSP5",33.8005304446838,1.2487901210197,0.398443462190674,3.13417144343079,0.00172340131845679,0.0335087746918815
"AC092069.1",36.2488830943204,1.24921383533456,0.346330189244478,3.60700243331294,0.000309754756728384,0.0087652799123643
"ABCA1",20.5423463629564,1.25182794612035,0.323398426898274,3.87085354164113,0.000108454940464588,0.00378857003894094
"CEPT1",13.6084394021669,1.25367259307549,0.410994584790064,3.05033847031309,0.00228583601008268,0.0424424145655893
"RPL32P29",7.37257843858092,1.25441779171624,0.625889300104844,2.00421670654237,0.0450468517128292,0.309191064969541
"TMEM267",7.52471904963031,1.25575374023806,0.503687735447879,2.49311954979694,0.0126626203674357,0.14251888983201
"ALDH1L2",148.467771709967,1.25580834450212,0.11063135553235,11.3512876928901,7.30784447134957e-30,3.92907846663951e-27
"AP003068.1",18.5855903222966,1.25750848810102,0.3948447512637,3.18481753670619,0.00144845304145605,0.0291245045701554
"GPR1",13.8693840908865,1.25985571448846,0.316733538415852,3.97765175355173,6.95992038508345e-05,0.00265636961364018
"CEBPB",35.9203579839944,1.27054924151575,0.305135162197503,4.16388997048257,3.12870931768357e-05,0.00137817767169825
"NPIPA1",46.7550080994903,1.27272152236007,0.497004850738001,2.56078289873874,0.0104436596345535,0.125506603538279
"ARHGAP26",58.0669479446798,1.27285423821239,0.38748276483882,3.28493123750124,0.00102007263439505,0.0224852374276812
"MSC-AS1",19.1726519293287,1.28075658109212,0.334327428115315,3.83084507398048,0.0001277038985476,0.00431471696568204
"MKX",5.89655016183809,1.28522031438,0.574687699590301,2.2363804119981,0.0253268631286643,0.221337095017005
"AC244489.1",19.3137356224428,1.29381411098288,0.34460148863374,3.75452269841473,0.000173672107044005,0.00563682224594796
"MXD1",31.235605890938,1.296804223816,0.426292143104675,3.04205518396705,0.00234968813310741,0.0433675275432929
"FLRT2",132.932082663011,1.29716180216248,0.123071882717642,10.5398712810667,5.65762811571741e-26,2.33207430929872e-23
"BTG1",170.811047169673,1.30867305741876,0.144026186311733,9.08635499509956,1.02414943898235e-19,3.24734152883482e-17
"ROBO3",15.7493549493292,1.31108396068665,0.408654309053535,3.20829594021213,0.00133524025219118,0.0274735124103098
"GPT2",45.4757587636299,1.32003148652886,0.234397047690879,5.63160457664853,1.78540662180202e-08,1.83986152376698e-06
"TUBE1",27.1182309977782,1.3334346041767,0.295577117461715,4.51129172524465,6.44340311972366e-06,0.000354129435460012
"MEX3B",12.4634621377831,1.33924035653361,0.431710708139857,3.10217080855855,0.00192107077634531,0.036773662185815
"C4orf33",10.511416224474,1.34184353347579,0.531601484734383,2.5241530958971,0.0115977408235657,0.133785133418109
"WARS",286.079757679832,1.3714551613997,0.100899065423237,13.5923475172632,4.44588425237007e-42,2.89356866656886e-39
"CPM",76.4059186104689,1.37238054873169,0.674490628114606,2.03469179782066,0.041881894022098,0.298164364696179
"MSC",8.0237880743564,1.37850185361656,0.437576913578424,3.15030754786267,0.00163098672154403,0.0319632041182464
"RALGPS1",16.1353461151637,1.3837855312838,0.627215840109541,2.2062349876912,0.0273675507096191,0.230080497574368
"KLF2",70.4510085432331,1.38955622705922,0.339410712400439,4.09402584035064,4.2394703228537e-05,0.00177112466258138
"FRS3",7.91522369602634,1.3935196471186,0.700043603266366,1.99061835665166,0.04652286058616,0.314372510387134
"AC087292.1",13.7350301427506,1.41091214658164,0.459573227787252,3.07004860438647,0.00214023937838385,0.0401611534948327
"XAF1",17.4553045855497,1.41199411134892,0.303300729026291,4.65542603831502,3.23311455891605e-06,0.00019570973166339
"CYP2R1",15.7351731452379,1.42562488620541,0.580880165100207,2.45424955413907,0.0141178967938071,0.153411170256782
"CLTCL1",44.3458282334126,1.43237398937387,0.256854226693605,5.57660275951973,2.45261059446003e-08,2.43090759216601e-06
"ZNF829",7.88627917137702,1.44005036193126,0.506859888409373,2.84112117542074,0.00449552270532068,0.0709982551392025
"RPL4P4",8.51738564200905,1.44671783467136,0.563117076625879,2.56912442318371,0.0101955843054889,0.123485402078038
"LINC01569",9.32341934913273,1.46518867053597,0.730911036897891,2.00460602805299,0.0450051817018287,0.309185598291563
"AL139220.2",8.17836102016251,1.46599910356859,0.549761214463934,2.66661063930833,0.00766203820456274,0.101335576938634
"SPDYE2B",13.8465759443972,1.46768824639431,0.745240919731327,1.96941446388027,0.0489055161520093,0.323750328016995
"SLC3A2",419.467258867741,1.47038565072548,0.0934841151980108,15.7287219075778,9.61319726342893e-56,1.18876797359562e-52
"FST",59.0515983904731,1.47184875537491,0.172715983044515,8.52178663161452,1.57110630591558e-17,4.22354360412002e-15
"IL20RB",8.28348657338997,1.47597766142677,0.461081334768729,3.20112212342557,0.00136893498926753,0.0279805786401361
"ANK2",12.0062317783222,1.48519689402425,0.409654738013331,3.62548447804337,0.000288420221121468,0.00823696178842511
"SLC1A4",68.5803564924928,1.48903243218031,0.169806073798754,8.76901749665936,1.80232035985177e-18,5.30654608807785e-16
"GRAMD4",4.85359574459648,1.49051584324156,0.702871485923367,2.12060934764406,0.0339546908399932,NA
"PANK1",5.95725835734859,1.4939342166708,0.615490289376522,2.42722629821524,0.0152147622041083,0.159851953624471
"AFF3",12.7802413139326,1.49760965910304,0.365599717070802,4.09630967743065,4.19788301540833e-05,0.00176568099892991
"SPATA18",7.29967643547486,1.50246796561412,0.485005718765435,3.09783556663744,0.00194939558927311,0.0371436453882147
"NXPH4",13.4041499203784,1.50483671416896,0.760390109749183,1.9790324661973,0.0478123510470562,0.318816441129712
"AC270289.3",15.677280169185,1.50496656408294,0.45106060889913,3.33650630179389,0.000848385052959725,0.0195730029195895
"ZNF775",8.78539426757493,1.51231364929037,0.660993219386289,2.2879412449866,0.0221409429656152,0.202660918366245
"ARHGEF2",77.2258130780814,1.51746134143757,0.152628456908125,9.94219146401384,2.72759449051544e-23,1.02210404453679e-20
"PKD1P1",26.2033493994829,1.52596987477095,0.308418366408828,4.94772698701148,7.50851209600112e-07,5.2755829874517e-05
"MT1F",65.5858014076884,1.52658471491389,0.589548761482749,2.5894121311941,0.00961399553052312,0.119044141319255
"SEL1L3",25.994141462877,1.5366165217179,0.302509143832739,5.07957049578478,3.78289133674175e-07,2.92370214188428e-05
"AC104116.1",14.2392989686406,1.54228185209031,0.56051666074723,2.75153614530258,0.00593164734219223,0.0849950765162794
"AKNA",31.2022498718452,1.5448146060159,0.275050645570557,5.61647329644103,1.94894353471001e-08,1.97546194673967e-06
"PMAIP1",43.7394153713519,1.54502206663501,0.318402838104649,4.85241298674359,1.21968302498568e-06,8.33292833534412e-05
"CAVIN2",5.43949654694648,1.55150435649695,0.662528057403378,2.34179419144557,0.0191912943804135,NA
"ATF4",374.799677338183,1.55468548707659,0.0917551904984069,16.9438423987969,2.1369917897787e-64,4.4043400787339e-61
"PLCXD2",21.7155661947644,1.55766474917119,0.649915378050411,2.39671932958997,0.0165425897177759,0.168922926878627
"RPS6KA5",10.795928588846,1.55975719811982,0.603596109940282,2.5841074394501,0.00976313757486342,0.120010893887436
"ASTN2",14.6365529168051,1.57115527249431,0.517928936868861,3.03353444971182,0.00241707112633802,0.0443464414663145
"CARS-AS1",4.9887342082834,1.57778294422081,0.639821099412618,2.46597516972991,0.0136640805952001,NA
"PIP5KL1",13.8651627411397,1.57993601138554,0.56784557327198,2.78233394033838,0.00539694764255871,0.0800223675634065
"TNFRSF10B",228.961359401707,1.5913217771745,0.147428341676231,10.7938660849162,3.67976649231337e-27,1.68533305347953e-24
"AL929472.2",7.62407852601805,1.59323728799652,0.678812457218869,2.3470949465543,0.0189204326947165,0.183102187723965
"FAM86B1",8.80215411989621,1.59943526581526,0.765766114652982,2.08867333668853,0.0367371386001173,0.27499482804422
"DLGAP1-AS1",8.16822292733523,1.60657244888977,0.603307847385691,2.66293975099365,0.00774612820103882,0.10190278865324
"KCNG1",33.6589825644739,1.61411148723367,0.276748735472279,5.83240781382126,5.46331902276595e-09,6.19811037023154e-07
"KIF13B",20.3573809111895,1.63030289297778,0.799720395963315,2.03859111410305,0.0414908528178625,0.297090843049037
"NIBAN1",93.7659860796664,1.6386087343342,0.163523450455753,10.020634531422,1.23706156658976e-23,4.78046979139028e-21
"AL133481.1",15.084048353773,1.64184080414732,0.656706434389794,2.5001137771292,0.0124153425793571,0.140593522286016
"PLEKHF1",11.4223879572595,1.64620903528471,0.419038860237786,3.92853549274777,8.54647385582064e-05,0.00315479688659935
"NUPR1",189.036041681348,1.65133278995282,0.0995931491727073,16.5807869684812,9.59638688551792e-62,1.48336150282893e-58
"SLC38A1",128.815007155231,1.66105366066641,0.116594642276629,14.246397846699,4.7200774666658e-46,3.89123186351928e-43
"ZNF385A",14.6539821797719,1.66580185092196,0.745354031911755,2.23491358415188,0.0254230225714519,0.221707402763451
"ZNF432",6.37944573706145,1.66778924645473,0.598039336828339,2.78876178162417,0.00529099673227725,0.078894212625224
"LAT",7.34379085144697,1.67458883338057,0.762486181890427,2.19622187674113,0.0280760662652626,0.233797060899824
"ZNF320",10.2131822346421,1.67553218913606,0.622613093491702,2.69112906016711,0.00712106405623096,0.0969813635675684
"TMEM59L",74.6478910423138,1.69215921409814,0.86141642424105,1.96439163043474,0.0494846926996605,0.325747751054008
"FDXR",53.9782307376538,1.7057212632536,0.216889051915079,7.86448761794327,3.70611241421507e-15,8.33268838439701e-13
"FBXO48",8.99263534930252,1.70752094518541,0.685407342340872,2.49124985932265,0.0127294565961752,0.142842522929494
"PCDHGA8",5.04023636151311,1.70945752827678,0.865740231573727,1.97456172871781,0.0483179057989298,NA
"AL590617.2",5.61691044343592,1.72093865854918,0.606971252732451,2.83528857553285,0.00457843085132818,0.0719578898565942
"ARRDC4",24.6868958167057,1.72939213071797,0.553339786751278,3.12537101456489,0.00177580929432637,0.0343119652088124
"CEACAM19",4.93144864780206,1.73664183715108,0.78819567598777,2.20331307320954,0.0275726901783318,NA
"MAMDC4",8.35734714793091,1.75353166089224,0.636907031811116,2.75319877676005,0.00590160514621421,0.0848412693725668
"MIR210HG",11.0243524777819,1.76087577866616,0.799411380552281,2.2027154247537,0.0276148124040716,0.231450831949495
"SDSL",14.0422941107574,1.76176809490603,0.48553137787293,3.6285360229944,0.00028503298268967,0.00817799968431662
"CYFIP2",112.818406822324,1.77243280387547,0.391878721554388,4.52291157030703,6.09947277963471e-06,0.000341294481416121
"MOCOS",12.3175077394426,1.7865825940857,0.384018929329643,4.65232950158063,3.28206080193273e-06,0.000197019242119903
"LINC02482",5.2520073141899,1.78962877324424,0.766506055715502,2.33478752046349,0.0195545234548229,NA
"ANKRD37",9.96044425951692,1.80746304622775,0.715827439584786,2.52499826952173,0.0115698859011657,0.13358843048909
"ZBED3",11.1861222783464,1.80870429055902,0.471063082052157,3.83962224906165,0.000123223760218692,0.00419212437248637
"PHGDH",368.847220387037,1.81442631702517,0.0826302074769278,21.9583899451275,7.20054344422834e-107,4.45209601156638e-103
"CXCR5",41.270611058762,1.83106534935614,0.538032651673958,3.40326064535159,0.000665867264360641,0.0161690347658223
"THSD1",15.2538015470729,1.84013237111142,0.436470398576984,4.21593853125152,2.48741512672636e-05,0.00112671704971056
"TXNIP",252.695193021924,1.84158978684818,0.212483091714983,8.66699449817126,4.43676393474849e-18,1.27593076318837e-15
"BBC3",10.8261312138443,1.84393064663374,0.589542244518066,3.12773285337865,0.001761602178664,0.034090723851892
"TSC22D3",22.5374766979841,1.86744324058351,0.293502945018391,6.36260477886004,1.98360630937869e-10,2.69552479360185e-08
"YJEFN3",9.82638674754425,1.8831282567192,0.706739242114117,2.66453048664182,0.00770958779151489,0.10177919566019
"AC025423.4",7.81955905119271,1.89462322875501,0.508425011962897,3.7264555916326,0.000194191267003551,0.00607941571586308
"FKBP9P1",5.16805690170105,1.9114294703418,0.672501647037512,2.84226734426894,0.00447939116914407,NA
"MAPK11",16.1249883831481,1.95018249583837,0.684641064174759,2.84847432893767,0.00439293972334566,0.0699138901144047
"AL137129.1",11.678370375218,1.95153845227853,0.815749581552252,2.39232541016452,0.0167419912777425,0.170116240049765
"MTHFD2",155.608623239039,1.97151422911856,0.135152459370152,14.587335208744,3.38150094140936e-48,3.2165877416514e-45
"CTH",9.43212530312279,2.01270473662923,0.619280926574985,3.25006737695081,0.00115377669257358,0.0245569751813509
"RCC2-AS1",5.37781154781179,2.02551160360433,0.867404490653486,2.33514078544641,0.019536067292649,NA
"KRT81",10.8916677604579,2.0261250917924,0.517641849796517,3.91414467858205,9.07252278524567e-05,0.00332910435496581
"MYLK-AS1",13.3120664550564,2.02777909608414,0.492171157998657,4.12006892953624,3.78759070384709e-05,0.00162066943404059
"SLC7A11",102.636535203513,2.03236435604044,0.139817200841629,14.5358678603679,7.17977882191816e-48,6.34179606513143e-45
"MDM2",99.2135321548805,2.04739444349576,0.189514643811778,10.8033574731522,3.31842741802829e-27,1.57829513274376e-24
"LINC01133",15.9059706915394,2.06838959993719,0.355773214843706,5.81378674289984,6.10752125998523e-09,6.80410881990787e-07
"MKNK2",331.183739392787,2.08499606291126,0.135032923324896,15.4406496695228,8.72173030578755e-54,9.80481063285172e-51
"NDUFA4L2",2.46094454344376,2.09773651886829,1.04932935868666,1.99912115438552,0.0455952467832598,NA
"ZNF680",5.13590409179907,2.10916894785766,0.808664466738683,2.60821271937899,0.00910163742360995,NA
"PCK2",104.572483862117,2.12629187574522,0.151278148993925,14.0555122460587,7.12643867080987e-45,5.18385532960205e-42
"POU2F2",14.4503856727198,2.12890782137265,0.442509158612524,4.81099154658807,1.50183369796483e-06,0.000100797049255812
"VLDLR",24.7529171416063,2.14544734679578,0.297354685285893,7.21511196211029,5.38896187157379e-13,9.51998607198307e-11
"SLC7A5",1283.41509030656,2.15652613862207,0.10558240255666,20.4250527209284,1.00150395082354e-92,4.12819928529463e-89
"VEGFA",34.5836027177106,2.21001675476827,0.296924486131001,7.44302628444467,9.84044980700798e-14,1.8712241716356e-11
"HPX",9.03348187676083,2.23240111064048,1.00478159228142,2.22177747660731,0.0262983475976335,0.225531233042323
"SLC22A15",3.20721753938529,2.24064459625492,0.924742434551305,2.42299316278495,0.0153932163929762,NA
"ATF3",6.39755494378719,2.27402329234568,0.886268104488397,2.56584128530539,0.01029259119188,0.124162752012717
"SLC6A9",32.3689233356023,2.30585540004804,0.240327096419532,9.59465426246723,8.4198912331718e-22,2.97486785684007e-19
"ULBP1",33.0680491701881,2.31015377858628,0.342313311127405,6.7486530715905,1.49223916670527e-11,2.39649734226979e-09
"AP003392.10",8.61418771572521,2.32469734385838,0.897822919236498,2.58926041433124,0.00961823269176061,0.119044141319255
"AP003392.3",8.61418771572521,2.32469734385838,0.897822919236498,2.58926041433124,0.00961823269176061,0.119044141319255
"ANKRD1",16.8689760909396,2.34909721219607,0.991118824051991,2.37014690387199,0.0177810187769214,0.176044898475108
"ASNS",132.732177007494,2.39766209150276,0.143532530905029,16.7046597477559,1.21217464196935e-62,2.14139308894185e-59
"AC008012.1",12.2120592711865,2.44063446607768,1.04762158613245,2.32969089066585,0.0198224943494337,0.188191608914845
"PSAT1",140.926700346464,2.50258278988278,0.14147677165784,17.6890012442131,5.09708516287893e-70,1.26061110248322e-66
"ZNF177",3.10617304650114,2.51735079800781,1.26229642909485,1.99426278961505,0.0461233434577546,NA
"CBSL",45.7602016492991,2.57210663905072,0.74217129425698,3.46565093389359,0.00052894953668052,0.0133489591236557
"DDIT3",57.4481116895344,2.59641317125678,0.228948800995646,11.3405842702192,8.25911928403191e-30,4.25551121109744e-27
"ITPKA",5.88778435222506,2.6742224096361,0.899203971312228,2.97398865546996,0.00293955942812491,0.0516168048549547
"BTG2",8.00429476697803,2.67840263293658,0.564251804186893,4.74682156629743,2.06638090975345e-06,0.000134488770157953
"VLDLR-AS1",3.60855950068007,2.69948382462826,0.848050584298351,3.18316368694176,0.00145675235346158,NA
"PURPL",5.07178493603727,2.70002815260787,1.20027228731625,2.24951303228454,0.0244798746215341,NA
"CDKN1A",1716.69790719275,2.70882613812702,0.0891433105121112,30.3873181573057,8.07945744524582e-203,9.99105707679098e-199
"SLC4A5",6.94897959667346,2.71340047149198,1.188666533115,2.28272639625959,0.0224464899176875,0.204549222050201
"AP1S3",19.8912229263279,2.84277236142128,1.33163384788325,2.13480031762493,0.0327773243443388,0.256210109255432
"MPP7",9.50998006153151,2.85094406430594,1.34765228459576,2.11548935648568,0.0343882611252136,0.263656874037526
"MYH3",2.77860433569217,2.86939817957596,1.27826743936956,2.2447557460989,0.0247838171523367,NA
"SMN1",4.74706666204169,2.90431433603147,1.10376778058651,2.63127297889434,0.00850656786757432,NA
"AP002812.5",2.57525573776184,2.94708463005363,1.2870244884685,2.28984347730673,0.0220303917894079,NA
"AC125494.1",10.3012698842482,3.02282838041629,0.714204383590215,4.23244165097519,2.31167897706875e-05,0.00105874897149749
"TRIB3",69.3071723309453,3.03125143218872,0.18657355787415,16.2469508901867,2.3475308871536e-59,3.22550743894904e-56
"AC079781.5",3.41892287049607,3.06269479734519,1.01162918512483,3.02748758377038,0.00246595844325654,NA
"SESN2",76.3226024347046,3.11812054442516,0.2197665723734,14.188329511402,1.08205676601998e-45,8.36294623037694e-43
"AL359715.3",2.20249315724688,3.1228432332849,1.54444914785126,2.02197866963093,0.0431785555213397,NA
"AC025594.1",13.1938387205839,3.14250360795874,1.55151927031233,2.02543640165432,0.0428225727754712,0.300769216884512
"ACSBG1",4.28557979883813,3.17977581910317,1.49296312517944,2.12984216788408,0.0331846460289719,NA
"GUCA1B",5.28815456715416,3.21825194964334,1.44724272958738,2.22371263910988,0.0261677843130306,NA
"MMEL1",2.05953139039965,3.22092845852452,1.50502625320877,2.14011446754327,0.0323455171704349,NA
"RPS6KB2-AS1",6.65246259149163,3.2274718059848,1.50386874174035,2.14611270013486,0.0318639882687532,0.251652103378962
"ASS1P2",1.91011860195898,3.28074550401334,1.62967231527237,2.0131320102011,0.0441007435022106,NA
"ADM2",17.7737277419381,3.28434658063063,0.438674896215623,7.4869718075143,7.04808342159582e-14,1.36182186861647e-11
"AC006441.3",14.9025112859802,3.34373793481486,1.3177874755567,2.53738785413961,0.0111683144334029,0.130541767316892
"SYBU",6.3620332105378,3.36075168659592,0.830014415131339,4.04902809557123,5.14307709806629e-05,0.00205159004498993
"NECTIN4",1.98284998012802,3.36668958749401,1.67357160077655,2.01167944408942,0.0442537388498939,NA
"AL355388.2",2.73500678640697,3.37259846975197,1.13694007156931,2.96638191764744,0.00301326046562472,NA
"AC010422.3",6.99413691156504,3.40243862337028,1.24270738676369,2.73792419648445,0.00618283253995516,0.0876799394370246
"ZDHHC11",6.27586079322821,3.41850636344325,1.34123791339073,2.54876955781921,0.0108103706625274,0.127924443648625
"PHEX",1.77821203997223,3.43384678052898,1.54709352751136,2.21954698889643,0.0264495341667629,NA
"SFN",1.59005157688887,3.49434260114189,1.6336809909297,2.13893815288462,0.0324406775902518,NA
"AC068205.3",1.56373941707197,3.50217041406433,1.71177440544135,2.04592988593106,0.0407632694629891,NA
"KRT86",4.56979613393933,3.55323429672951,1.43345213846095,2.47879521149865,0.0131826970315393,NA
"AL139407.1",1.13740621811609,3.81288591420649,1.82067373490175,2.09421701489655,0.0362406527408684,NA
"AC004771.4",4.80764197513208,3.96304766175293,1.25822968205983,3.14970129719488,0.00163437471686857,NA
"AC009084.3",1.58138515498091,4.07032257755506,1.8226706224235,2.2331640876194,0.0255381256113145,NA
"RAB33A",1.09193118474421,4.20239160168494,1.80431436090946,2.32907950672561,0.0198548541249875,NA
"DDIT4",139.446277739268,4.31988288172462,0.236988772155368,18.2282174907955,3.08203771452064e-74,9.52811959444056e-71
"TNFRSF10C",3.19265015529615,4.3284480862702,1.36353035446265,3.17444204458212,0.00150124867473809,NA
"CHAC1",40.5445703599861,4.44448074789116,0.344141787472154,12.9146790935721,3.71991669427117e-38,2.30002449206787e-35
"GDF15",37.6140494076161,4.48482180677209,0.391617843521327,11.4520364201123,2.29685325982518e-30,1.35251844814277e-27
"CGB1",1.65892102625712,4.70662618086035,2.20051472145534,2.13887511633986,0.0324457838259865,NA
"INHBE",2.17001121821242,4.91512329129687,1.58161558875392,3.10765986769849,0.00188574962372164,NA
"AC133550.2",3.77072349363397,5.21371651689595,1.56779231667252,3.32551477734088,0.000882554217306882,NA
"AC125257.1",7.55319239672624,5.42695921786018,1.29486668148183,4.19113357032992,2.77564185679883e-05,0.00124360823192661
"AL132780.3",4.15116346161018,5.56967662159229,1.53761586264996,3.62228093302406,0.000292016732081649,NA
"RAB43",8.61455577705897,6.01732335979463,2.24552072070145,2.67970066110766,0.007368802281401,0.0989030015140011
"FP671120.6",27035.6256476541,6.95365316076722,2.40026439452572,2.89703633342494,0.00376706124751688,0.0620198461570147
"FP236383.22",24139.4209665865,7.21350920282439,2.91460210615004,2.47495505050358,0.0133252945585549,0.146994284131213
"FP236383.17",37812.1499511859,7.62680253585214,2.9660086361099,2.57140267327581,0.0101287480667239,0.123037424944114
