"","ID","Description","GeneRatio","BgRatio","pvalue","p.adjust","qvalue","geneID","Count"
"hsa04115","hsa04115","p53 signaling pathway","12/165","74/8662",1.20728372871942e-08,3.21137471839365e-06,2.82123145027064e-06,"898/9134/1647/355/5366/8795/25946/27113/4193/1026/83667/2810",12
"hsa01230","hsa01230","Biosynthesis of amino acids","8/165","75/8662",8.34431002866046e-05,0.0110979323381184,0.0097496675071717,"5723/2805/84706/113675/26227/1491/440/29968",8
"hsa04668","hsa04668","TNF signaling pathway","9/165","114/8662",0.000311182645876962,0.0233876072539324,0.0205462952527621,"6372/6347/5608/1326/355/1051/468/9252/5600",9
"hsa05163","hsa05163","Human cytomegalovirus infection","13/165","225/8662",0.000351693342164396,0.0233876072539324,0.0205462952527621,"5732/4773/6347/5608/1870/3554/355/1978/468/5600/4193/7422/1026",13
"hsa04010","hsa04010","MAPK signaling pathway","15/165","301/8662",0.000604581937831488,0.0300271521943592,0.0263792156198961,"5608/100137049/1844/2252/1326/3554/1647/355/1847/468/9252/5600/2872/7422/1649",15
"hsa04218","hsa04218","Cellular senescence","10/165","156/8662",0.000770093721783634,0.0300271521943592,0.0263792156198961,"4773/5608/898/9134/1870/1647/1978/5600/4193/1026",10
"hsa05417","hsa05417","Lipid and atherosclerosis","12/165","215/8662",0.000807565548577327,0.0300271521943592,0.0263792156198961,"4773/6347/5608/1535/355/19/468/8795/5600/5452/7436/1649",12
"hsa00260","hsa00260","Glycine, serine and threonine metabolism","5/165","40/8662",0.000905826697354497,0.0300271521943592,0.0263792156198961,"5723/113675/26227/1491/29968",5
"hsa05219","hsa05219","Bladder cancer","5/165","41/8662",0.00101595627725275,0.0300271521943592,0.0263792156198961,"1870/9252/4193/7422/1026",5
"hsa00270","hsa00270","Cysteine and methionine metabolism","5/165","52/8662",0.00297838885983357,0.0732792269221909,0.064376685305605,"2805/113675/26227/1491/29968",5
"hsa04110","hsa04110","Cell cycle","9/165","157/8662",0.00303034397046654,0.0732792269221909,0.064376685305605,"898/9134/1870/4172/4171/1647/4193/1026/2810",9
"hsa05161","hsa05161","Hepatitis B","9/165","162/8662",0.003734697384842,0.0827857920306643,0.0727283174942915,"4773/5608/898/9134/1870/355/468/5600/1026",9
"hsa05418","hsa05418","Fluid shear stress and atherosclerosis","8/165","139/8662",0.00498895077733398,0.0984140019551462,0.0864578885399385,"6347/5608/3554/1535/10365/9181/5600/7422",8
"hsa05169","hsa05169","Epstein-Barr virus infection","10/165","202/8662",0.00517968431342875,0.0984140019551462,0.0864578885399385,"3115/5608/898/9134/1870/1647/355/5600/4193/1026",10
"hsa05222","hsa05222","Small cell lung cancer","6/165","92/8662",0.00807593697860138,0.143213282420531,0.125814597140316,"898/9134/1870/9618/1647/1026",6
"hsa05215","hsa05215","Prostate cancer","6/165","97/8662",0.0103588378616019,0.151350136416063,0.132962921584353,"898/9134/1870/468/4193/1026",6
"hsa04060","hsa04060","Cytokine-cytokine receptor interaction","12/165","297/8662",0.011144118996938,0.151350136416063,0.132962921584353,"8200/8792/6372/6347/3554/355/53833/8795/643/8794/9518/83729",12
"hsa05167","hsa05167","Kaposi sarcoma-associated herpesvirus infection","9/165","194/8662",0.0117550014105188,0.151350136416063,0.132962921584353,"4773/5608/57580/1870/355/1827/5600/7422/1026",9
"hsa05218","hsa05218","Melanoma","5/165","72/8662",0.0118376819350604,0.151350136416063,0.132962921584353,"2252/1870/1647/4193/1026",5
"hsa04061","hsa04061","Viral protein interaction with cytokine and cytokine receptor","6/165","100/8662",0.0119303399567992,0.151350136416063,0.132962921584353,"6372/6347/53833/8795/643/8794",6
"hsa04068","hsa04068","FoxO signaling pathway","7/165","131/8662",0.0124448425870844,0.151350136416063,0.132962921584353,"1647/1263/10365/5600/4193/5106/1026",7
"hsa01524","hsa01524","Platinum drug resistance","5/165","73/8662",0.0125176804554639,0.151350136416063,0.132962921584353,"355/5366/27113/4193/1026",5
"hsa04210","hsa04210","Apoptosis","7/165","136/8662",0.0150487265725452,0.174041794273784,0.152897816892679,"1647/355/5366/468/8795/27113/1649",7
"hsa01200","hsa01200","Carbon metabolism","6/165","115/8662",0.0223550116826232,0.247768046149074,0.217667219015016,"5723/2805/84706/113675/26227/29968",6
"hsa05226","hsa05226","Gastric cancer","7/165","149/8662",0.0235984919698241,0.251087954558929,0.220583798623198,"8326/898/2252/9134/1870/1647/1026",7
"hsa04370","hsa04370","VEGF signaling pathway","4/165","59/8662",0.0256793462383341,0.255311032295178,0.224293823385554,"4773/100137049/5600/7422",4
"hsa05166","hsa05166","Human T-cell leukemia virus 1 infection","9/165","222/8662",0.0259150295938714,0.255311032295178,0.224293823385554,"3115/4773/898/9134/1870/3554/1739/468/1026",9
"hsa04660","hsa04660","T cell receptor signaling pathway","6/165","121/8662",0.0278520612763825,0.264594582125633,0.232449533960786,"4773/1326/1739/8915/27040/5600",6
"hsa04148","hsa04148","Efferocytosis","7/165","156/8662",0.0293728338763018,0.269013396392094,0.236331515627404,"5732/4773/1844/1847/19/1051/5600",7
"hsa03030","hsa03030","DNA replication","3/165","36/8662",0.0306124839945271,0.269013396392094,0.236331515627404,"4172/4171/5427",3
"hsa05323","hsa05323","Rheumatoid arthritis","5/165","93/8662",0.0320741958607016,0.269013396392094,0.236331515627404,"3115/8792/6372/6347/7422",5
"hsa00250","hsa00250","Alanine, aspartate and glutamate metabolism","3/165","37/8662",0.0328602021755273,0.269013396392094,0.236331515627404,"2805/84706/440",3
"hsa04657","hsa04657","IL-17 signaling pathway","5/165","94/8662",0.0333738424095455,0.269013396392094,0.236331515627404,"6372/6347/9618/1051/5600",5
"hsa05130","hsa05130","Pathogenic Escherichia coli infection","8/165","198/8662",0.0353526266162903,0.276582314115683,0.242980901201747,"57180/1364/3554/355/9181/8795/26999/5600",8
"hsa04750","hsa04750","Inflammatory mediator regulation of TRP channels","5/165","98/8662",0.038898169454262,0.289846099491702,0.254633296743798,"5732/5608/100137049/3554/5600",5
"hsa04664","hsa04664","Fc epsilon RI signaling pathway","4/165","68/8662",0.0403459659671805,0.289846099491702,0.254633296743798,"5608/100137049/27040/5600",4
"hsa04151","hsa04151","PI3K-Akt signaling pathway","12/165","359/8662",0.0412398464154396,0.289846099491702,0.254633296743798,"3680/898/2252/9134/3696/1978/468/4193/5106/7422/1026/54541",12
"hsa05205","hsa05205","Proteoglycans in cancer","8/165","205/8662",0.0420294404459738,0.289846099491702,0.254633296743798,"8326/10855/355/287/5600/4193/7422/1026",8
"hsa04216","hsa04216","Ferroptosis","3/165","41/8662",0.0426836902530779,0.289846099491702,0.254633296743798,"10162/6520/23657",3
"hsa04380","hsa04380","Osteoclast differentiation","6/165","135/8662",0.0439622764395103,0.289846099491702,0.254633296743798,"4773/8792/5608/3554/1535/5600",6
"hsa00061","hsa00061","Fatty acid biosynthesis","2/165","18/8662",0.0451956941603042,0.289846099491702,0.254633296743798,"7923/23205",2
"hsa05135","hsa05135","Yersinia infection","6/165","137/8662",0.0466563173270747,0.289846099491702,0.254633296743798,"4773/6347/5608/57180/27040/5600",6
"hsa04064","hsa04064","NF-kappa B signaling pathway","5/165","104/8662",0.0481763236854177,0.289846099491702,0.254633296743798,"8792/3554/1647/8915/27040",5
"hsa04625","hsa04625","C-type lectin receptor signaling pathway","5/165","104/8662",0.0481763236854177,0.289846099491702,0.254633296743798,"4773/8915/1263/5600/4193",5
"hsa05165","hsa05165","Human papillomavirus infection","11/165","331/8662",0.0512377797237758,0.289846099491702,0.254633296743798,"3680/8326/898/9134/3696/1739/355/1978/4193/7422/1026",11
"hsa05214","hsa05214","Glioma","4/165","75/8662",0.0544539495039824,0.289846099491702,0.254633296743798,"1870/1647/4193/1026",4
"hsa00670","hsa00670","One carbon pool by folate","2/165","20/8662",0.0547609642756575,0.289846099491702,0.254633296743798,"160428/10797",2
"hsa04659","hsa04659","Th17 cell differentiation","5/165","108/8662",0.0550306194721744,0.289846099491702,0.254633296743798,"3115/4773/3554/27040/5600",5
"hsa04931","hsa04931","Insulin resistance","5/165","108/8662",0.0550306194721744,0.289846099491702,0.254633296743798,"133522/11000/6720/5106/57761",5
"hsa05152","hsa05152","Tuberculosis","7/165","180/8662",0.0561744226359936,0.289846099491702,0.254633296743798,"3115/11151/8915/1054/1263/1051/5600",7
"hsa05212","hsa05212","Pancreatic cancer","4/165","76/8662",0.056661643509656,0.289846099491702,0.254633296743798,"1870/1647/7422/1026",4
"hsa05220","hsa05220","Chronic myeloid leukemia","4/165","76/8662",0.056661643509656,0.289846099491702,0.254633296743798,"1870/1647/4193/1026",4
"hsa00220","hsa00220","Arginine biosynthesis","2/165","22/8662",0.0649645074646326,0.326048282747024,0.2864373516812,"2805/84706",2
"hsa04964","hsa04964","Proximal tubule bicarbonate reclamation","2/165","23/8662",0.0702863761872907,0.340552902987226,0.299179835627876,"8671/5106",2
"hsa05206","hsa05206","MicroRNAs in cancer","10/165","310/8662",0.0719244035084744,0.340552902987226,0.299179835627876,"1545/898/9134/1870/10253/9252/4193/7422/1026/54541",10
"hsa04913","hsa04913","Ovarian steroidogenesis","3/165","51/8662",0.0728042793781579,0.340552902987226,0.299179835627876,"1545/100137049/8644",3
"hsa04932","hsa04932","Non-alcoholic fatty liver disease","6/165","155/8662",0.0754815347897356,0.340552902987226,0.299179835627876,"355/6720/468/5600/56901/1649",6
"hsa04934","hsa04934","Cushing syndrome","6/165","155/8662",0.0754815347897356,0.340552902987226,0.299179835627876,"8326/898/9134/1870/468/1026",6
"hsa05202","hsa05202","Transcriptional misregulation in cancer","7/165","193/8662",0.0755361702114524,0.340552902987226,0.299179835627876,"8013/1647/1051/26471/4193/1649/1026",7
"hsa04150","hsa04150","mTOR signaling pathway","6/165","156/8662",0.0773258828262729,0.342811413863143,0.3011639646918,"8326/1978/6520/8140/83667/54541",6
"hsa05210","hsa05210","Colorectal cancer","4/165","86/8662",0.081316777397984,0.354594471932192,0.31151552342282,"1647/5366/27113/1026",4
"hsa05235","hsa05235","PD-L1 expression and PD-1 checkpoint pathway in cancer","4/165","89/8662",0.0895989267504583,0.384408298639063,0.337707330027194,"4773/5608/27040/5600",4
"hsa00790","hsa00790","Folate biosynthesis","2/165","27/8662",0.0928734524593547,0.392132354828387,0.344493006616153,"8644/55034",2
"hsa05203","hsa05203","Viral carcinogenesis","7/165","204/8662",0.0946458264036117,0.393371715990011,0.345581800355293,"898/9134/1739/5366/468/4193/1026",7
"hsa04658","hsa04658","Th1 and Th2 cell differentiation","4/165","92/8662",0.098270932897829,0.400388393901698,0.351746036589541,"3115/4773/27040/5600",4
"hsa05131","hsa05131","Shigellosis","8/165","247/8662",0.0993444887124514,0.400388393901698,0.351746036589541,"7307/57180/3554/8915/9181/9252/5600/4193",8
"hsa04912","hsa04912","GnRH signaling pathway","4/165","93/8662",0.101246067146689,0.40196199792566,0.353128466717438,"5608/100137049/468/5600",4
"hsa04114","hsa04114","Oocyte meiosis","5/165","131/8662",0.104724778167519,0.409658691067061,0.359890104538534,"898/9134/441273/100310812/5600",5
"hsa04650","hsa04650","Natural killer cell mediated cytotoxicity","5/165","132/8662",0.107268725591049,0.413528710249551,0.36328996310012,"4773/355/8795/27040/80329",5
"hsa00590","hsa00590","Arachidonic acid metabolism","3/165","61/8662",0.110014387555355,0.418054672710347,0.367266075748702,"100137049/8644/5740",3
"hsa00140","hsa00140","Steroid hormone biosynthesis","3/165","62/8662",0.114075954479387,0.427383153401647,0.375461258627485,"1545/7923/8644",3
"hsa01522","hsa01522","Endocrine resistance","4/165","98/8662",0.116732391322627,0.430678953332839,0.378356658646182,"1870/5600/4193/1026",4
"hsa05217","hsa05217","Basal cell carcinoma","3/165","63/8662",0.118193848095102,0.430678953332839,0.378356658646182,"8326/1647/1026",3
"hsa05162","hsa05162","Measles","5/165","138/8662",0.123159217645983,0.438155750271963,0.384925114999509,"51209/898/9134/355/27113",5
"hsa04215","hsa04215","Apoptosis - multiple species","2/165","32/8662",0.123540155151869,0.438155750271963,0.384925114999509,"5366/27113",2
"hsa05142","hsa05142","Chagas disease","4/165","102/8662",0.129821361761572,0.4488761651872,0.394343128894176,"6347/2774/355/5600",4
"hsa01210","hsa01210","2-Oxocarboxylic acid metabolism","2/165","33/8662",0.129937837291031,0.4488761651872,0.394343128894176,"2805/84706",2
"hsa05224","hsa05224","Breast cancer","5/165","147/8662",0.148905121558067,0.506857752028074,0.445280652751217,"8326/2252/1870/1647/1026",5
"hsa04350","hsa04350","TGF-beta signaling pathway","4/165","108/8662",0.150532941391797,0.506857752028074,0.445280652751217,"8200/56963/10468/83729",4
"hsa04066","hsa04066","HIF-1 signaling pathway","4/165","109/8662",0.154102648631501,0.511080296045885,0.448990208635483,"1978/2872/7422/1026",4
"hsa05216","hsa05216","Thyroid cancer","2/165","37/8662",0.156230971980047,0.511080296045885,0.448990208635483,"1647/1026",2
"hsa05223","hsa05223","Non-small cell lung cancer","3/165","72/8662",0.157551068705874,0.511080296045885,0.448990208635483,"1870/1647/1026",3
"hsa04814","hsa04814","Motor proteins","6/165","193/8662",0.162578215157596,0.516025351825846,0.45333449982326,"51168/70/55083/51175/23303/4621",6
"hsa05330","hsa05330","Allograft rejection","2/165","38/8662",0.162955374260794,0.516025351825846,0.45333449982326,"3115/355",2
"hsa03320","hsa03320","PPAR signaling pathway","3/165","75/8662",0.171475359545459,0.536617007518731,0.471424517883491,"3157/5106/23205",3
"hsa05140","hsa05140","Leishmaniasis","3/165","77/8662",0.180948194904123,0.559676974936009,0.491682977585255,"3115/1535/5600",3
"hsa05332","hsa05332","Graft-versus-host disease","2/165","42/8662",0.190322267792331,0.581904864744368,0.5112104470647,"3115/355",2
"hsa04935","hsa04935","Growth hormone synthesis, secretion and action","4/165","120/8662",0.195330329881464,0.58956544578305,0.517940359967697,"6752/5608/468/5600",4
"hsa04940","hsa04940","Type I diabetes mellitus","2/165","43/8662",0.197260619077787,0.58956544578305,0.517940359967697,"3115/355",2
"hsa03410","hsa03410","Base excision repair","2/165","44/8662",0.204229828946909,0.603612605554198,0.530280959370922,"7374/5427",2
"hsa05207","hsa05207","Chemical carcinogenesis - receptor activation","6/165","212/8662",0.217471247128743,0.635685183914786,0.558457106565424,"1545/2252/9314/1978/468/7422",6
"hsa04211","hsa04211","Longevity regulating pathway","3/165","89/8662",0.240312052501036,0.690190481624583,0.606340668463227,"1978/468/83667",3
"hsa04142","hsa04142","Lysosome","4/165","132/8662",0.243655316789238,0.690190481624583,0.606340668463227,"26503/135112/8218/130340",4
"hsa00330","hsa00330","Arginine and proline metabolism","2/165","50/8662",0.246496600580208,0.690190481624583,0.606340668463227,"2805/54498",2
"hsa00565","hsa00565","Ether lipid metabolism","2/165","50/8662",0.246496600580208,0.690190481624583,0.606340668463227,"100137049/10390",2
"hsa05208","hsa05208","Chemical carcinogenesis - reactive oxygen species","6/165","223/8662",0.251817544087817,0.69774444507666,0.612976916529555,"1545/8644/1535/5600/56901/7422",6
"hsa04910","hsa04910","Insulin signaling pathway","4/165","137/8662",0.264550928545869,0.719481708418526,0.632073364736497,"6720/1978/2872/5106",4
"hsa00360","hsa00360","Phenylalanine metabolism","1/165","16/8662",0.26507664700734,0.719481708418526,0.632073364736497,"2805",1
"hsa05320","hsa05320","Autoimmune thyroid disease","2/165","53/8662",0.267777026817421,0.719481708418526,0.632073364736497,"3115/355",2
"hsa00450","hsa00450","Selenocompound metabolism","1/165","17/8662",0.279101901835444,0.73415930846451,0.644967813530357,"1491",1
"hsa04666","hsa04666","Fc gamma R-mediated phagocytosis","3/165","97/8662",0.281519734824737,0.73415930846451,0.644967813530357,"100137049/57180/27040",3
"hsa05410","hsa05410","Hypertrophic cardiomyopathy","3/165","97/8662",0.281519734824737,0.73415930846451,0.644967813530357,"3680/70/3696",3
"hsa04936","hsa04936","Alcoholic liver disease","4/165","142/8662",0.285770684084834,0.737148656001115,0.647593991421637,"5608/355/6720/5600",4
"hsa04550","hsa04550","Signaling pathways regulating pluripotency of stem cells","4/165","143/8662",0.290046360773599,0.737148656001115,0.647593991421637,"8326/9314/5600/83729",4
"hsa00564","hsa00564","Glycerophospholipid metabolism","3/165","99/8662",0.291935281130358,0.737148656001115,0.647593991421637,"100137049/10162/10390",3
"hsa01212","hsa01212","Fatty acid metabolism","2/165","57/8662",0.296133546135458,0.737148656001115,0.647593991421637,"7923/23205",2
"hsa04933","hsa04933","AGE-RAGE signaling pathway in diabetic complications","3/165","100/8662",0.297153843331963,0.737148656001115,0.647593991421637,"6347/5600/7422",3
"hsa04062","hsa04062","Chemokine signaling pathway","5/165","192/8662",0.303119548092011,0.737148656001115,0.647593991421637,"6372/6347/57580/1794/643",5
"hsa05213","hsa05213","Endometrial cancer","2/165","58/8662",0.303203248851697,0.737148656001115,0.647593991421637,"1647/1026",2
"hsa00531","hsa00531","Glycosaminoglycan degradation","1/165","19/8662",0.306359230279717,0.737148656001115,0.647593991421637,"10855",1
"hsa04914","hsa04914","Progesterone-mediated oocyte maturation","3/165","102/8662",0.307607145925277,0.737148656001115,0.647593991421637,"441273/100310812/5600",3
"hsa05414","hsa05414","Dilated cardiomyopathy","3/165","103/8662",0.312839780325068,0.742994478272036,0.652729616843656,"3680/70/3696",3
"hsa00100","hsa00100","Steroid biosynthesis","1/165","20/8662",0.319601244279931,0.751499426657342,0.660201316651879,"120227",1
"hsa04928","hsa04928","Parathyroid hormone synthesis, secretion and action","3/165","106/8662",0.328549360867483,0.751499426657342,0.660201316651879,"9935/468/1026",3
"hsa00770","hsa00770","Pantothenate and CoA biosynthesis","1/165","21/8662",0.332591963406731,0.751499426657342,0.660201316651879,"53354",1
"hsa01240","hsa01240","Biosynthesis of cofactors","4/165","153/8662",0.333200694422837,0.751499426657342,0.660201316651879,"23475/53354/10797/29968",4
"hsa04261","hsa04261","Adrenergic signaling in cardiomyocytes","4/165","154/8662",0.337542581354963,0.751499426657342,0.660201316651879,"70/468/9252/5600",4
"hsa04921","hsa04921","Oxytocin signaling pathway","4/165","154/8662",0.337542581354963,0.751499426657342,0.660201316651879,"4773/100137049/1827/1026",4
"hsa05132","hsa05132","Salmonella infection","6/165","249/8662",0.337905157435314,0.751499426657342,0.660201316651879,"51209/5608/57180/8795/26999/5600",6
"hsa04620","hsa04620","Toll-like receptor signaling pathway","3/165","108/8662",0.339022297740154,0.751499426657342,0.660201316651879,"5608/1326/5600",3
"hsa04390","hsa04390","Hippo signaling pathway","4/165","157/8662",0.35058078937809,0.761380332632481,0.668881811810094,"8200/8326/1739/27113",4
"hsa05145","hsa05145","Toxoplasmosis","3/165","111/8662",0.35471265454271,0.761380332632481,0.668881811810094,"3115/5608/5600",3
"hsa04514","hsa04514","Cell adhesion molecules","4/165","158/8662",0.354929177618149,0.761380332632481,0.668881811810094,"3115/3680/1364/3696",4
"hsa05160","hsa05160","Hepatitis C","4/165","158/8662",0.354929177618149,0.761380332632481,0.668881811810094,"1870/1364/355/1026",4
"hsa00900","hsa00900","Terpenoid backbone biosynthesis","1/165","23/8662",0.357838389420317,0.761480092686435,0.668969452221561,"3157",1
"hsa05221","hsa05221","Acute myeloid leukemia","2/165","67/8662",0.366045375871438,0.771705632157999,0.677952712065991,"11040/1978",2
"hsa04015","hsa04015","Rap1 signaling pathway","5/165","210/8662",0.371147236875914,0.771705632157999,0.677952712065991,"5608/2252/27040/5600/7422",5
"hsa04670","hsa04670","Leukocyte transendothelial migration","3/165","115/8662",0.375560238964372,0.771705632157999,0.677952712065991,"1364/1535/5600",3
"hsa05170","hsa05170","Human immunodeficiency virus 1 infection","5/165","212/8662",0.378754858731732,0.771705632157999,0.677952712065991,"4773/5608/355/5600/130340",5
"hsa05211","hsa05211","Renal cell carcinoma","2/165","69/8662",0.379741009508321,0.771705632157999,0.677952712065991,"7422/1026",2
"hsa04917","hsa04917","Prolactin signaling pathway","2/165","70/8662",0.386542952387447,0.771705632157999,0.677952712065991,"8792/5600",2
"hsa04920","hsa04920","Adipocytokine signaling pathway","2/165","70/8662",0.386542952387447,0.771705632157999,0.677952712065991,"5106/23205",2
"hsa00592","hsa00592","alpha-Linolenic acid metabolism","1/165","26/8662",0.393938970713213,0.771705632157999,0.677952712065991,"100137049",1
"hsa04722","hsa04722","Neurotrophin signaling pathway","3/165","119/8662",0.396275823068551,0.771705632157999,0.677952712065991,"468/9252/5600",3
"hsa05225","hsa05225","Hepatocellular carcinoma","4/165","168/8662",0.398339790832896,0.771705632157999,0.677952712065991,"8326/1870/1647/1026",4
"hsa00650","hsa00650","Butanoate metabolism","1/165","27/8662",0.405518413722977,0.771705632157999,0.677952712065991,"3157",1
"hsa04152","hsa04152","AMPK signaling pathway","3/165","121/8662",0.406568676803208,0.771705632157999,0.677952712065991,"6720/1978/5106",3
"hsa00562","hsa00562","Inositol phosphate metabolism","2/165","73/8662",0.406749902246458,0.771705632157999,0.677952712065991,"138429/3706",2
"hsa04141","hsa04141","Protein processing in endoplasmic reticulum","4/165","170/8662",0.406979603442196,0.771705632157999,0.677952712065991,"22824/9709/468/1649",4
"hsa04530","hsa04530","Tight junction","4/165","170/8662",0.406979603442196,0.771705632157999,0.677952712065991,"57180/1364/1739/9181",4
"hsa05164","hsa05164","Influenza A","4/165","171/8662",0.411291091839063,0.771705632157999,0.677952712065991,"3115/6347/355/8795",4
"hsa00601","hsa00601","Glycosphingolipid biosynthesis - lacto and neolacto series","1/165","28/8662",0.416877934479862,0.771705632157999,0.677952712065991,"79369",1
"hsa04310","hsa04310","Wnt signaling pathway","4/165","174/8662",0.424186454733548,0.771705632157999,0.677952712065991,"4773/8326/147495/84133",4
"hsa05133","hsa05133","Pertussis","2/165","76/8662",0.426634365337894,0.771705632157999,0.677952712065991,"6372/5600",2
"hsa04744","hsa04744","Phototransduction","1/165","29/8662",0.428021684863326,0.771705632157999,0.677952712065991,"2979",1
"hsa05100","hsa05100","Bacterial invasion of epithelial cells","2/165","77/8662",0.433185996549461,0.771705632157999,0.677952712065991,"57180/8218",2
"hsa00020","hsa00020","Citrate cycle (TCA cycle)","1/165","30/8662",0.43895373884196,0.771705632157999,0.677952712065991,"5106",1
"hsa00591","hsa00591","Linoleic acid metabolism","1/165","30/8662",0.43895373884196,0.771705632157999,0.677952712065991,"100137049",1
"hsa04721","hsa04721","Synaptic vesicle cycle","2/165","78/8662",0.439697803450902,0.771705632157999,0.677952712065991,"8218/6536",2
"hsa04810","hsa04810","Regulation of actin cytoskeleton","5/165","229/8662",0.443104263160609,0.771705632157999,0.677952712065991,"3680/2252/57180/3696/26999",5
"hsa01521","hsa01521","EGFR tyrosine kinase inhibitor resistance","2/165","79/8662",0.44616892190373,0.771705632157999,0.677952712065991,"1978/7422",2
"hsa03018","hsa03018","RNA degradation","2/165","79/8662",0.44616892190373,0.771705632157999,0.677952712065991,"694/7832",2
"hsa04926","hsa04926","Relaxin signaling pathway","3/165","129/8662",0.447177727904255,0.771705632157999,0.677952712065991,"468/5600/7422",3
"hsa00410","hsa00410","beta-Alanine metabolism","1/165","31/8662",0.449678093926654,0.771705632157999,0.677952712065991,"54498",1
"hsa05310","hsa05310","Asthma","1/165","31/8662",0.449678093926654,0.771705632157999,0.677952712065991,"3115",1
"hsa04360","hsa04360","Axon guidance","4/165","182/8662",0.458212188847181,0.781310527136859,0.686390728232619,"4773/56963/91584/64221",4
"hsa04728","hsa04728","Dopaminergic synapse","3/165","132/8662",0.462129693617191,0.782971328039318,0.687849761870711,"2774/468/5600",3
"hsa04130","hsa04130","SNARE interactions in vesicular transport","1/165","33/8662",0.470519323700114,0.7895526740193,0.693631553748653,"6843",1
"hsa04621","hsa04621","NOD-like receptor signaling pathway","4/165","186/8662",0.474979927679449,0.7895526740193,0.693631553748653,"6347/1535/10628/5600",4
"hsa04662","hsa04662","B cell receptor signaling pathway","2/165","84/8662",0.477887144801155,0.7895526740193,0.693631553748653,"4773/8915",2
"hsa05412","hsa05412","Arrhythmogenic right ventricular cardiomyopathy","2/165","84/8662",0.477887144801155,0.7895526740193,0.693631553748653,"3680/3696",2
"hsa04012","hsa04012","ErbB signaling pathway","2/165","85/8662",0.484098512044687,0.794877803727695,0.698309744469919,"1978/1026",2
"hsa00350","hsa00350","Tyrosine metabolism","1/165","36/8662",0.500319124282568,0.807305453479223,0.709227584773991,"2805",1
"hsa04512","hsa04512","ECM-receptor interaction","2/165","89/8662",0.508483852942776,0.807305453479223,0.709227584773991,"3680/3696",2
"hsa04976","hsa04976","Bile secretion","2/165","89/8662",0.508483852942776,0.807305453479223,0.709227584773991,"8671/57835",2
"hsa00760","hsa00760","Nicotinate and nicotinamide metabolism","1/165","37/8662",0.509877128513194,0.807305453479223,0.709227584773991,"23475",1
"hsa04960","hsa04960","Aldosterone-regulated sodium reabsorption","1/165","37/8662",0.509877128513194,0.807305453479223,0.709227584773991,"2810",1
"hsa05143","hsa05143","African trypanosomiasis","1/165","37/8662",0.509877128513194,0.807305453479223,0.709227584773991,"355",1
"hsa05340","hsa05340","Primary immunodeficiency","1/165","38/8662",0.519253392141637,0.817286404199263,0.717995970448106,"7374",1
"hsa04020","hsa04020","Calcium signaling pathway","5/165","253/8662",0.530859640612111,0.830639202369538,0.729726564804263,"4773/2774/2252/7422/3706",5
"hsa00380","hsa00380","Tryptophan metabolism","1/165","42/8662",0.555008780479134,0.850727937418258,0.747374761008521,"1545",1
"hsa00513","hsa00513","Various types of N-glycan biosynthesis","1/165","42/8662",0.555008780479134,0.850727937418258,0.747374761008521,"4122",1
"hsa04145","hsa04145","Phagosome","3/165","152/8662",0.556785273855556,0.850727937418258,0.747374761008521,"3115/11151/1535",3
"hsa05231","hsa05231","Choline metabolism in cancer","2/165","98/8662",0.560547487168506,0.850727937418258,0.747374761008521,"100137049/1978",2
"hsa00071","hsa00071","Fatty acid degradation","1/165","43/8662",0.563526593845832,0.850727937418258,0.747374761008521,"23205",1
"hsa04975","hsa04975","Fat digestion and absorption","1/165","43/8662",0.563526593845832,0.850727937418258,0.747374761008521,"19",1
"hsa04640","hsa04640","Hematopoietic cell lineage","2/165","99/8662",0.566085883169292,0.850727937418258,0.747374761008521,"3115/3554",2
"hsa02010","hsa02010","ABC transporters","1/165","45/8662",0.580079062098744,0.865466972477446,0.76032318120298,"19",1
"hsa05146","hsa05146","Amoebiasis","2/165","102/8662",0.582400707043093,0.865466972477446,0.76032318120298,"2774/3554",2
"hsa04217","hsa04217","Necroptosis","3/165","159/8662",0.587511835531288,0.86821193472957,0.762734663672198,"100137049/355/8795",3
"hsa05020","hsa05020","Prion disease","5/165","272/8662",0.595797674652631,0.87108783842015,0.765261179775518,"1535/468/5600/56901/1649",5
"hsa00620","hsa00620","Pyruvate metabolism","1/165","47/8662",0.596007468392734,0.87108783842015,0.765261179775518,"5106",1
"hsa00280","hsa00280","Valine, leucine and isoleucine degradation","1/165","48/8662",0.603744992213419,0.87427507535256,0.768061205889467,"3157",1
"hsa04922","hsa04922","Glucagon signaling pathway","2/165","107/8662",0.60858648970938,0.87427507535256,0.768061205889467,"468/5106",2
"hsa04672","hsa04672","Intestinal immune network for IgA production","1/165","49/8662",0.611335203066076,0.87427507535256,0.768061205889467,"3115",1
"hsa05030","hsa05030","Cocaine addiction","1/165","49/8662",0.611335203066076,0.87427507535256,0.768061205889467,"468",1
"hsa05144","hsa05144","Malaria","1/165","50/8662",0.618780888831094,0.880190996946903,0.773258414413188,"6347",1
"hsa04979","hsa04979","Cholesterol metabolism","1/165","51/8662",0.62608478494615,0.885843365934447,0.778224088790848,"19",1
"hsa00510","hsa00510","N-Glycan biosynthesis","1/165","53/8662",0.640277893628454,0.896389051079835,0.787488600473777,"4122",1
"hsa04961","hsa04961","Endocrine and other factor-regulated calcium reabsorption","1/165","53/8662",0.640277893628454,0.896389051079835,0.787488600473777,"8218",1
"hsa04724","hsa04724","Glutamatergic synapse","2/165","115/8662",0.647871658693319,0.90227152467237,0.792656424524204,"100137049/81539",2
"hsa04014","hsa04014","Ras signaling pathway","4/165","236/8662",0.662850744887778,0.918324469479942,0.806759130291045,"100137049/2252/27040/7422",4
"hsa00480","hsa00480","Glutathione metabolism","1/165","57/8662",0.667077399021036,0.919391648391686,0.807696659845486,"79094",1
"hsa00240","hsa00240","Pyrimidine metabolism","1/165","58/8662",0.67346115604155,0.921000430578356,0.80910999441391,"978",1
"hsa04919","hsa04919","Thyroid hormone signaling pathway","2/165","121/8662",0.675251775578571,0.921000430578356,0.80910999441391,"1827/4193",2
"hsa04730","hsa04730","Long-term depression","1/165","60/8662",0.685865935042887,0.921000430578356,0.80910999441391,"100137049",1
"hsa04978","hsa04978","Mineral absorption","1/165","60/8662",0.685865935042887,0.921000430578356,0.80910999441391,"4494",1
"hsa04611","hsa04611","Platelet activation","2/165","124/8662",0.688285087607919,0.921000430578356,0.80910999441391,"100137049/5600",2
"hsa03420","hsa03420","Nucleotide excision repair","1/165","63/8662",0.703600201422927,0.921000430578356,0.80910999441391,"5427",1
"hsa04144","hsa04144","Endocytosis","4/165","250/8662",0.706552757633602,0.921000430578356,0.80910999441391,"57180/8218/138429/4193",4
"hsa04927","hsa04927","Cortisol synthesis and secretion","1/165","65/8662",0.71486652206226,0.921000430578356,0.80910999441391,"468",1
"hsa05321","hsa05321","Inflammatory bowel disease","1/165","65/8662",0.71486652206226,0.921000430578356,0.80910999441391,"3115",1
"hsa00010","hsa00010","Glycolysis / Gluconeogenesis","1/165","67/8662",0.725707100686241,0.921000430578356,0.80910999441391,"5106",1
"hsa04720","hsa04720","Long-term potentiation","1/165","67/8662",0.725707100686241,0.921000430578356,0.80910999441391,"468",1
"hsa05416","hsa05416","Viral myocarditis","1/165","67/8662",0.725707100686241,0.921000430578356,0.80910999441391,"3115",1
"hsa04270","hsa04270","Vascular smooth muscle contraction","2/165","134/8662",0.728665293851104,0.921000430578356,0.80910999441391,"100137049/79924",2
"hsa00830","hsa00830","Retinol metabolism","1/165","68/8662",0.73097275843921,0.921000430578356,0.80910999441391,"157506",1
"hsa04924","hsa04924","Renin secretion","1/165","69/8662",0.736137931217606,0.921000430578356,0.80910999441391,"5732",1
"hsa05031","hsa05031","Amphetamine addiction","1/165","69/8662",0.736137931217606,0.921000430578356,0.80910999441391,"468",1
"hsa04915","hsa04915","Estrogen signaling pathway","2/165","137/8662",0.739889134068215,0.921000430578356,0.80910999441391,"2289/468",2
"hsa05120","hsa05120","Epithelial cell signaling in Helicobacter pylori infection","1/165","70/8662",0.741204525113695,0.921000430578356,0.80910999441391,"5600",1
"hsa05204","hsa05204","Chemical carcinogenesis - DNA adducts","1/165","70/8662",0.741204525113695,0.921000430578356,0.80910999441391,"1545",1
"hsa05230","hsa05230","Central carbon metabolism in cancer","1/165","70/8662",0.741204525113695,0.921000430578356,0.80910999441391,"8140",1
"hsa04622","hsa04622","RIG-I-like receptor signaling pathway","1/165","71/8662",0.746174410280855,0.921000430578356,0.80910999441391,"5600",1
"hsa04510","hsa04510","Focal adhesion","3/165","203/8662",0.747983209960012,0.921000430578356,0.80910999441391,"3680/3696/7422",3
"hsa05415","hsa05415","Diabetic cardiomyopathy","3/165","203/8662",0.747983209960012,0.921000430578356,0.80910999441391,"1535/5600/56901",3
"hsa05012","hsa05012","Parkinson disease","4/165","266/8662",0.751342456524448,0.921000430578356,0.80910999441391,"2774/468/56901/1649",4
"hsa04918","hsa04918","Thyroid hormone synthesis","1/165","75/8662",0.765123046233971,0.932684203205213,0.819374329685624,"468",1
"hsa04971","hsa04971","Gastric acid secretion","1/165","76/8662",0.769636228645918,0.932684203205213,0.819374329685624,"6752",1
"hsa04723","hsa04723","Retrograde endocannabinoid signaling","2/165","148/8662",0.777721726038628,0.932684203205213,0.819374329685624,"5600/56901",2
"hsa00980","hsa00980","Metabolism of xenobiotics by cytochrome P450","1/165","78/8662",0.778405613201343,0.932684203205213,0.819374329685624,"1545",1
"hsa04612","hsa04612","Antigen processing and presentation","1/165","78/8662",0.778405613201343,0.932684203205213,0.819374329685624,"3115",1
"hsa00983","hsa00983","Drug metabolism - other enzymes","1/165","80/8662",0.786843115218512,0.937719545304287,0.823797938494467,"978",1
"hsa04623","hsa04623","Cytosolic DNA-sensing pathway","1/165","83/8662",0.798904274726098,0.937719545304287,0.823797938494467,"79844",1
"hsa01232","hsa01232","Nucleotide metabolism","1/165","85/8662",0.806565682406273,0.937719545304287,0.823797938494467,"978",1
"hsa05022","hsa05022","Pathways of neurodegeneration - multiple diseases","7/165","476/8662",0.809553757266654,0.937719545304287,0.823797938494467,"8326/5608/355/468/5600/56901/1649",7
"hsa04610","hsa04610","Complement and coagulation cascades","1/165","86/8662",0.810286874245257,0.937719545304287,0.823797938494467,"5055",1
"hsa04742","hsa04742","Taste transduction","1/165","86/8662",0.810286874245257,0.937719545304287,0.823797938494467,"6335",1
"hsa04911","hsa04911","Insulin secretion","1/165","86/8662",0.810286874245257,0.937719545304287,0.823797938494467,"468",1
"hsa04260","hsa04260","Cardiac muscle contraction","1/165","87/8662",0.813936905232842,0.937719545304287,0.823797938494467,"70",1
"hsa04727","hsa04727","GABAergic synapse","1/165","89/8662",0.821028869810159,0.937719545304287,0.823797938494467,"81539",1
"hsa05171","hsa05171","Coronavirus disease - COVID-19","3/165","232/8662",0.823690095569382,0.937719545304287,0.823797938494467,"100526842/6347/5600",3
"hsa04630","hsa04630","JAK-STAT signaling pathway","2/165","166/8662",0.829331340773024,0.937719545304287,0.823797938494467,"53833/1026",2
"hsa05014","hsa05014","Amyotrophic lateral sclerosis","5/165","364/8662",0.829365102527598,0.937719545304287,0.823797938494467,"5608/468/5600/56901/1649",5
"hsa04022","hsa04022","cGMP-PKG signaling pathway","2/165","167/8662",0.83185737590909,0.937719545304287,0.823797938494467,"4773/468",2
"hsa04520","hsa04520","Adherens junction","1/165","93/8662",0.834416700851244,0.937719545304287,0.823797938494467,"81607",1
"hsa05150","hsa05150","Staphylococcus aureus infection","1/165","96/8662",0.843799921311026,0.937719545304287,0.823797938494467,"3115",1
"hsa04070","hsa04070","Phosphatidylinositol signaling system","1/165","97/8662",0.846808678371927,0.937719545304287,0.823797938494467,"3706",1
"hsa04713","hsa04713","Circadian entrainment","1/165","97/8662",0.846808678371927,0.937719545304287,0.823797938494467,"9252",1
"hsa04925","hsa04925","Aldosterone synthesis and secretion","1/165","98/8662",0.849759824672993,0.937719545304287,0.823797938494467,"468",1
"hsa04916","hsa04916","Melanogenesis","1/165","101/8662",0.858278460833898,0.937719545304287,0.823797938494467,"8326",1
"hsa04972","hsa04972","Pancreatic secretion","1/165","102/8662",0.861009923742718,0.937719545304287,0.823797938494467,"8671",1
"hsa05010","hsa05010","Alzheimer disease","5/165","384/8662",0.862230689072305,0.937719545304287,0.823797938494467,"8326/355/468/56901/1649",5
"hsa04137","hsa04137","Mitophagy - animal","1/165","103/8662",0.863689054885528,0.937719545304287,0.823797938494467,"468",1
"hsa04974","hsa04974","Protein digestion and absorption","1/165","103/8662",0.863689054885528,0.937719545304287,0.823797938494467,"6520",1
"hsa03013","hsa03013","Nucleocytoplasmic transport","1/165","108/8662",0.87633396294781,0.947580626602104,0.832461017434377,"11260",1
"hsa04613","hsa04613","Neutrophil extracellular trap formation","2/165","191/8662",0.883209482288883,0.951148673234182,0.835595589465724,"1535/5600",2
"hsa04725","hsa04725","Cholinergic synapse","1/165","113/8662",0.887812312343493,0.952250302755521,0.836563384296501,"468",1
"hsa04726","hsa04726","Serotonergic synapse","1/165","115/8662",0.892101327393307,0.953007843721364,0.837228893178246,"100137049",1
"hsa04071","hsa04071","Sphingolipid signaling pathway","1/165","121/8662",0.904014682239139,0.961871621902444,0.845015829293006,"5600",1
"hsa04080","hsa04080","Neuroactive ligand-receptor interaction","4/165","367/8662",0.924152542641727,0.964249127828587,0.847104496944782,"5732/283869/6752/79924",4
"hsa00190","hsa00190","Oxidative phosphorylation","1/165","134/8662",0.925528533102666,0.964249127828587,0.847104496944782,"56901",1
"hsa05322","hsa05322","Systemic lupus erythematosus","1/165","137/8662",0.929768554218961,0.964249127828587,0.847104496944782,"3115",1
"hsa04024","hsa04024","cAMP signaling pathway","2/165","225/8662",0.931596885784636,0.964249127828587,0.847104496944782,"5732/6752",2
"hsa04371","hsa04371","Apelin signaling pathway","1/165","139/8662",0.93246103782631,0.964249127828587,0.847104496944782,"10365",1
"hsa05016","hsa05016","Huntington disease","3/165","306/8662",0.935110757804191,0.964249127828587,0.847104496944782,"8218/27113/56901",3
"hsa04120","hsa04120","Ubiquitin mediated proteolysis","1/165","142/8662",0.936308570039443,0.964249127828587,0.847104496944782,"4193",1
"hsa05017","hsa05017","Spinocerebellar ataxia","1/165","143/8662",0.937542030830933,0.964249127828587,0.847104496944782,"7436",1
"hsa04714","hsa04714","Thermogenesis","2/165","232/8662",0.938874150780466,0.964249127828587,0.847104496944782,"5600/56901",2
"hsa04072","hsa04072","Phospholipase D signaling pathway","1/165","148/8662",0.943362112066602,0.965132006960447,0.847880116918161,"100137049",1
"hsa04140","hsa04140","Autophagy - animal","1/165","165/8662",0.959403964015127,0.973445811775916,0.855183894793247,"54541",1
"hsa03008","hsa03008","Ribosome biogenesis in eukaryotes","1/165","167/8662",0.960965384793474,0.973445811775916,0.855183894793247,"780852",1
"hsa03010","hsa03010","Ribosome","1/165","169/8662",0.96246709961303,0.973445811775916,0.855183894793247,"100526842",1
"hsa05034","hsa05034","Alcoholism","1/165","188/8662",0.974156526668122,0.981536500355002,0.862291662361735,"468",1
"hsa03040","hsa03040","Spliceosome","1/165","217/8662",0.985402266635507,0.989120765754886,0.868954531054945,"7307",1
"hsa04740","hsa04740","Olfactory transduction","1/165","439/8662",0.999827692279845,0.999827692279845,0.878360695235954,"2774",1
